severity,bucket,file,kind,photo_crag,resolved_slug,resolved_name,resolve_how,alt_crags,page,license,sourceUrl,flags,n_candidates,n_matched,n_routes_at_crag,unmatched_names,matched_names,grade_conflicts,sector_hints,caption_excerpt
102,guide,Images/guide/p42-2-X154.jpg,topo-diagram,Aow Luek / Lang Khai,aow-luek,Aow Luek,dual_crag_partial,Aow Luek; Lang Khai,42,,,dual_crag_label|multi_route_caption|no_routeId_multi_route_gap|grade_mismatch_vs_db,9,9,69,,Planet Paradise→Planet Paradise[exact]; Tantalis→Tantalis[exact]; Pinatubo→Pinatubo[exact]; Hairy Classic Right→Hairy  Classic Right[exact]; Hairy Classic Left→Hairy Classic Left[exact]; Zenalithic→Zenalithic[exact]; Difensless→Difensless[exact]; Seafluzy→Seafluzy[exact]; Infra-bubba→Infra-bubba[exact],Tantalis:caption=V6 db=7B; Hairy Classic Right:caption=V2 db=6B; Zenalithic:caption=V2 db=6B+,,"Full guidebook page ""Lang Khaai Bay"": intro text (secluded seaside granite, Tantalis roof, Yang's Bungalows, potential DWS/cliff-jumping spot toward Tanote bay), compass rose and hand-drawn topo with 12 numbered problems: 1. ***Planet Parad"
95,guide,Images/guide/p15-0-X43.jpg,topo-diagram,Mek's Mountain,meks-mountain,Mek's Mountain,exact_name,Mek's Mountain,15,,,multi_route_caption|no_routeId_multi_route_gap|caption_says_unverified|grade_mismatch_vs_db|name_spelling_drift,8,8,49,,Mosquito Burrito→Mosquit Burrito[fuzzy]; Devine Intervention→Devine Intervention[exact]; Daddy Long Legs→Daddy Long Legs[exact]; Tim and Charly's only Friend→Tim and Charly's only Friend[exact]; Arabian Balls→Arabian Balls[exact]; Squirming Worm→Squirming Worm[exact]; Dirty Squirrel→Dirty Squirrel[exact]; Bees Knees→Bees Knees[exact],Devine Intervention:caption=6a db=5c,DE-VINE WALL; 12M,"Drawn topo titled 'DE-VINE WALL' with two inset photos. Routes (left to right): Mosquito Burrito 6a, Devine Intervention 6a+, Dirty Squirrel (by 'Tree'), Daddy Long Legs 6a, Tim and Charly's only Friend 4+ (4 bolts), Squirming Worm, Bees Kn"
95,guide,Images/guide/p15-1-X44.jpg,topo-diagram,Mek's Mountain,meks-mountain,Mek's Mountain,exact_name,Mek's Mountain,15,,,multi_route_caption|no_routeId_multi_route_gap|caption_says_unverified|grade_mismatch_vs_db|name_spelling_drift,4,4,49,,C U Next Tuesday→C U Next Tuesday[exact]; Son of a bitch→Son of A Btich[fuzzy]; The bitch in me→The bitch in me[exact]; Naughty or Nice→Naughty or Nice[exact],The bitch in me:caption=6c db=6b+,QUIT YOUR; 16M; Quit Youre Bitchin,"Drawn topo titled 'QUIT YOUR'E BITCHIN' with two inset photos. Routes (left to right): Naughty or Nice (Chimney), C U Next Tuesday 5c, Son of a bitch 7a (2 bolt anchor), an unlabeled 6c+ line (1 bolt anchor backup), The bitch in me 6c (2 bo"
92,guide,Images/guide/p27-0-X73.jpg,map,Backyard & Frontyard,backyard-frontyard,Backyard & Frontyard,exact_name,Backyard & Frontyard,27,,,caption_routes_not_in_db|multi_route_caption|no_routeId_multi_route_gap|grade_mismatch_vs_db,6,3,166,Jungle Science(V9); Mantle(V6); Predator(V7),The Lost Idol→The Lost Idol[exact]; Big Brother→Big Brother[exact]; Tao→Tao[exact],The Lost Idol:caption=V8 db=8B,,"Hand-drawn bouldering area map titled 'The Frontyard', labeled 'Tantoe Bay / Aow Leuk' (Tanote Bay). Shows ~60 numbered boulders. Legible route/problem names: The Lost Idol V8, Jungle Science V9, Mantle V6, Predator V7. Landmarks: Big Broth"
92,guide,Images/guide/p29-0-X82.jpg,map,Secret Garden Boulders,secret-garden-boulders,Secret Garden Boulders,exact_name,Secret Garden Boulders,29,,,caption_routes_not_in_db|multi_route_caption|no_routeId_multi_route_gap|grade_mismatch_vs_db,6,5,83,Under Frondly Fire(V4),James and the Giant Peach→James and the Giant Peach[exact]; Pancake Ninja→Pancake Ninja[exact]; Exploding Epitaph→Exploding Epitaph[exact]; Spaceship→Spaceship[exact]; Egg→Egg[exact],James and the Giant Peach:caption=V11 db=8A+; Pancake Ninja:caption=V6/VH db=7A,,"Detailed hand-drawn bouldering map of the Secret Garden boulder field. Header: 'Upper Secret Garden (see separate map)'. Legible problem/boulder names: James and the Giant Peach V11, Pancake Ninja V6/VH, Jawa Ship, Under Frondly Fire V4, Su"
92,guide,Images/guide/p34-0-X112.jpg,map,Secret Garden Boulders,secret-garden-boulders,Secret Garden Boulders,exact_name,Secret Garden Boulders,34,,,caption_routes_not_in_db|multi_route_caption|no_routeId_multi_route_gap|grade_mismatch_vs_db,8,7,83,Under Friendly Fire(V4),Pancake Ninja→Pancake Ninja[exact]; James and the Giant Peach→James and the Giant Peach[exact]; I Just Need a Hug→I Just Need a Hug[exact]; Chiropractor→Chiropractor[exact]; Kit Kat→Kit Kat[exact]; Shadows→Shadows[exact]; Groovy→Groovy[exact],Pancake Ninja:caption=V6 db=7A,E / MH / V0,"Top-down map titled 'Upper Secret Garden' with compass rose (N/E) and 25m scale. Legible labels: 'Dense Jungle', 'To Star Villa and Buddha Temple' (uphill), 'Hill Top', 'Water Tank', 'Bldg' (several buildings), 'Please be considerate with n"
92,guide,Images/guide/p37-0-X123.jpg,topo-diagram,The Peak Boulders / Sai Tong,the-peak-boulders,The Peak Boulders,dual_crag_partial,The Peak Boulders; Sai Tong,37,,,dual_crag_label|multi_route_caption|no_routeId_multi_route_gap|caption_says_unverified,7,7,10,,Long live the Buddha→Long live the Buddha[exact]; Baseball mantle→Baseball mantle[exact]; Nak Lung Noi→Nak Lung Noi[exact]; Pete's arete→Pete's arete[exact]; Crimpology→Crimpology[exact]; Kanom Wan→Kanom Wan[exact]; Slinky→Slinky[exact],,,"Topo diagram titled 'The Peak Boulders' at June Jua Beach (area not among the 9 known crags - crag unverified). Boulder layout with letter/grade labels: MH - Pete's arete, Pro, M, M, Pro, MH - Nak Lung Noi, M - Kanom Wan, H - Crimpology, E "
92,guide,Images/guide/p37-1-X124.jpg,topo-diagram,The Peak Boulders / Sai Tong,the-peak-boulders,The Peak Boulders,dual_crag_partial,The Peak Boulders; Sai Tong,37,,,dual_crag_label|multi_route_caption|no_routeId_multi_route_gap|caption_says_unverified,2,2,10,,Return of the Jeddi→Return of the Jeddi[exact]; Hels's arete→Hels's arete[exact],,,"Topo diagram titled 'Sai Tong area' (near Jansom Bay per map labels). Boulder layout near Small Coral Beach, Sai Tong beach, Jansom Bay; features a 'Cave'. Labels: H - Return of the Jeddi, M/MH/H/E difficulty markers, M - Hels's arete (part"
85,guide,Images/guide/p10-2-X26.jpg,topo-diagram,Mek's Mountain,meks-mountain,Mek's Mountain,exact_name,Mek's Mountain,10,,,multi_route_caption|no_routeId_multi_route_gap|grade_mismatch_vs_db|name_spelling_drift,10,10,49,,Easy Eagle→Easy Eagle[exact]; Moguls→Moguls[exact]; Clear Horizons→Clear Horizons[exact]; Step→2 Step[fuzzy]; Charly's Crack→Charly's Crack[exact]; Moguls→Moguls[exact]; Clear Horizons→Clear Horizons[exact]; Charly's Crack→Charly's Crack[exact]; I Got a Feeling→I Got a Feeling[exact]; 2 Step→2 Step[exact],Charly's Crack:caption=5 db=6a,Eagle Wall,"Drawn topo titled 'Eagle Wall' (14M scale). Routes left to right: Easy Eagle (4), Moguls (5c), I got a feeling (6a, 6a+ variation), Clear Horizons (5a), 2 Step (5c), Charly's Crack (6a). Bolt counts noted: Moguls 5 bolts, I got a feeling 5 "
82,guide,Images/guide/p18-0-X52.jpg,photo-topo,Sairee Beach Boulders,sairee-beach-boulders,Sairee Beach Boulders,exact_name,Sairee Beach Boulders,18,,,caption_routes_not_in_db|multi_route_caption|no_routeId_multi_route_gap,2,1,40,The Trunk(7a),The Wet Beaver→The Wet Beaver[exact],,6. MH; 7. E; 8. MH; 10. H; The Elephant,"Photo-topo titled 'The Elephant – North Side' with compass rose. Dashed route lines with star anchor. Route list at bottom: '6. MH', '7. E', '8. MH', '9. The Wet Beaver 4', '10. H', '11. The Trunk 7a'. Beach, longtail boats and buildings vi"
82,guide,Images/guide/p42-0-X152.jpg,topo-diagram,Aow Luek / Lang Khai,aow-luek,Aow Luek,dual_crag_partial,Aow Luek; Lang Khai,42,,,dual_crag_label|multi_route_caption|no_routeId_multi_route_gap,8,8,69,,Wonderlust→Wonderlust[exact]; The Naturalist→The Naturalist[exact]; Naturalist Extension→Naturalist Extension[exact]; Boop Boop Chomp→Boop Boop Chomp[exact]; Rhythm Splitter→Rhythm Splitter[exact]; Clam Sandwich→Clam Sandwich[exact]; Caluga→Caluga[exact]; Fish Supper→Fish Supper[exact],,,"Full guidebook page ""Aow Luek"": intro text (beach, snorkelling, warning about grumpy local) plus hand-drawn boulder topo with numbered problems and route list: 1. **Wonderlust V0 (great slab), 2. **V0 (traverse right from #1), 3. ***The Nat"
77,guide,Images/guide/p10-0-X24.jpg,topo-diagram,Mek's Mountain,meks-mountain,Mek's Mountain,exact_name,Mek's Mountain,10,,,multi_route_caption|no_routeId_multi_route_gap|caption_says_unverified|grade_mismatch_vs_db,3,3,49,,A1→A1[exact]; A2→A2[exact]; Route B→Route B[exact],Route B:caption=6c db=6a,Shady Crack,"Composite layout: small crag photo (dark overhanging crack with rope) plus bullets 'Easy crack climb that is always in the shade / Difficult face climb / Need to abseil or lower from bolt near ladder to anchor point to set up', beside a dra"
75,community,Images/community/report-golden-view-kelsey-gray-01.jpg,community-photo,Golden View,golden-view,Golden View,exact_name,Golden View,,"user-contributed, all rights reserved — shown with attribution and source link",https://rakkup.com/koh-tao-thailand-rock-climbing-by-kelsey-gray/,multi_route_caption|no_routeId_multi_route_gap|grade_mismatch_vs_db|name_spelling_drift,2,2,6,,Rachel Fagan climbing Do It!→Do It![fuzzy]; Do It!→Do It![exact],Rachel Fagan climbing Do It!:caption=6c+ db=6b,,Rachel Fagan climbing Do It! (6c+) at Golden View. Photo by Kelsey Gray.
75,community,Images/community/report-lang-khai-kelsey-gray-01.jpg,community-photo,Lang Khai,lang-khai,Lang Khai,exact_name,Lang Khai,,"user-contributed, all rights reserved — shown with attribution and source link",https://rakkup.com/koh-tao-thailand-rock-climbing-by-kelsey-gray/,multi_route_caption|no_routeId_multi_route_gap|grade_mismatch_vs_db|name_spelling_drift,2,2,58,,Rachal Fagan climbing Forewarned→Forewarned[fuzzy]; Forewarned→Forewarned[exact],Rachal Fagan climbing Forewarned:caption=6a db=5c,,Rachal Fagan climbing Forewarned (6a) at Lang Khai. Photo by Kelsey Gray.
75,guide,Images/guide/p43-0-X155.jpg,topo-diagram,Sai Daeng High Balls,sai-daeng-high-balls,Sai Daeng High Balls,exact_name,Sai Daeng High Balls,43,,,caption_routes_not_in_db|topo_names_unmatched,1,0,1,Route A(5),,,,"Sketch topo page ""Sai Daeng High Balls"": text warns of VERY dangerous highball bouldering with bad landings (""Not recommended for the feint of heart!!!""); access is a 5-minute boulder hop left from the Coral View Resort; views of Shark Isla"
57,guide,Images/guide/p11-1-X28.jpg,photo-topo,Mek's Mountain,meks-mountain,Mek's Mountain,exact_name,Mek's Mountain,11,,,multi_route_caption|no_routeId_multi_route_gap|caption_says_unverified,4,4,49,,"Holy Exposure!→Holy Exposure![exact]; 'The Kiddie Slope→The Kiddie Slope[exact]; Pow, Right in the Baby Maker→Pow, Right in the Baby Maker[exact]; Stringer→Stringer[exact]",,The Watchtower; Watchtower,"Photo-topo titled 'The Watchtower': tall boulder/rock tower with two dashed lines - 'Holy Exposure!' (6a) to a starred anchor at the summit, and 'The Kiddie Slope' (4). Notes: 'Stringer to fixed anchor, please be careful and use tape to aff"
57,guide,Images/guide/p12-0-X33.jpg,topo-diagram,Mek's Mountain,meks-mountain,Mek's Mountain,exact_name,Mek's Mountain,12,,,multi_route_caption|no_routeId_multi_route_gap|caption_says_unverified,2,2,49,,"Pow, Right in the Baby Maker→Pow, Right in the Baby Maker[exact]; Lower Fraggle→Lower Fraggle[exact]",,The Watchtower; Watchtower; Lower Fraggle,"Large drawn multi-pitch topo. Upper section labeled 'The Watchtower' with '2 bolt Anchor' and 'South Abseil' (17m scale). Route 'Pow, Right in the Baby Maker': P1 5b, 18m, 6 bolts, 1 sling, 2 bolt anchor ('squeezing through the eerie flake "
55,community,Images/community/report-big-brother-slab-kelsey-gray-01.jpg,community-photo,Big Brother Slab (exact location unverified),big-brother-slab,Big Brother Slab,prefix_name,Big Brother Slab,,"user-contributed, all rights reserved — shown with attribution and source link",https://rakkup.com/koh-tao-thailand-rock-climbing-by-kelsey-gray/,multi_route_caption|no_routeId_multi_route_gap|name_spelling_drift,2,2,5,,Ryan Senko following Drunken Yorkshireman→drunken yorkshireman[fuzzy]; drunken yorkshireman→drunken yorkshireman[exact],,,Ryan Senko following Drunken Yorkshireman (6a+) at Big Brother Slab. Photo by Kelsey Gray.
50,guide,Images/guide/p44-1-X158.jpg,action-photo,,,,missing_crag,,44,,,unresolved_crag|caption_says_unverified,0,0,0,,,,,"Climber in helmet on a sea cliff of stacked granite blocks above turquoise water; ropes/gear visible at base. No route names legible. Crag unverified (sea-cliff setting, possibly Tanote Bay or Lang Khai area)."
47,guide,Images/guide/p09-0-X21.jpg,topo-diagram,Mek's Mountain,meks-mountain,Mek's Mountain,exact_name,Mek's Mountain,9,,,multi_route_caption|no_routeId_multi_route_gap,3,3,49,,Route A→Route A[exact]; Route B→Route B[exact]; Route C→Route C[exact],,LOW BULGE,"Topo diagram 'LOW BULGE' (16M wall, 10M right side) with 3 bolt anchor (star) and routes A 6b, B 6a, C 5b, D (grade not marked). Inset photo of the boulder wall bottom right. Notes: wall is two large boulders stacked; significant rope drag;"
47,guide,Images/guide/p09-2-X23.jpg,topo-diagram,Mek's Mountain,meks-mountain,Mek's Mountain,exact_name,Mek's Mountain,9,,,multi_route_caption|no_routeId_multi_route_gap,4,4,49,,Multi-pitch training line→Multi-pitch training line[exact]; Good Morning Koh Tao→Good Morning Koh Tao[exact]; Smeartastic→Smeartastic[exact]; Sairee Pull→Sairee Pull[exact],,SAIREE FACE,"Topo diagram 'SAIREE FACE' (22m) with bolted routes: 5a, 5b, 5c (variation), 6b; named routes Good Morning Koh Tao (5 bolts, 14m), Smeartastic (4 bolts, 15m), Sairee Pull; Multi-pitch training line (1 bolt, 6m); 2 bolt and 3 bolt anchors ma"
47,guide,Images/guide/p18-1-X53.jpg,photo-topo,Sairee Beach Boulders,sairee-beach-boulders,Sairee Beach Boulders,exact_name,Sairee Beach Boulders,18,,,multi_route_caption|no_routeId_multi_route_gap,3,3,40,,Lobe Lieback→Lobe Lieback[exact]; Cross Eyed→Cross Eyed[exact]; Yu's Jam Crack→Yu's Jam Crack[exact],,4. MH; 5. M; The Elephant,"Photo-topo titled 'The Elephant – South Side' with compass rose, '9m' height marker and 'Anchor' star. Route list: '1. Lobe Lieback 6a', '2. Cross Eyed 6c', '3. Yu's Jam Crack 5c', '4. MH', '5. M'. Sea and islands in background."
47,guide,Images/guide/p19-0-X55.jpg,photo-topo,Shark Island,shark-island,Shark Island,exact_name,Shark Island,19,,,multi_route_caption|no_routeId_multi_route_gap,4,4,5,,Passage of the Monkey Fist→Passage of the Monkey Fist[exact]; Don't Break the Biscuit→Don't Break the Biscuit[exact]; A Mo to Go→A Mo to Go[exact]; Tetris→Tetris[exact],,SHARK ISLAND,"Photo-topo titled 'SHARK ISLAND' with 'Fixed Abseil Anchor' star and 18m scale bar. Route lines with names/grades: 'Hitchcock's Revenge – 4+' (15m), 'Don't Break the Biscuit – 5a' (17m), 'Tetris – 5a' (18m), 'Passage of the Monkey Fist – 5b"
47,guide,Images/guide/p36-0-X121.jpg,topo-diagram,Babaloo Boulders,babaloo-boulders,Babaloo Boulders,exact_name,Babaloo Boulders,36,,,multi_route_caption|no_routeId_multi_route_gap,11,11,58,,Eye of the whale clam→Eye of the whale clam[exact]; Classic Refinement→Classic Refinement[exact]; Sunrise To Buddha→Sunrise To Buddha[exact]; Cheese Grater→Cheese Grater[exact]; Buddha Corner→Buddha Corner[exact]; Faze Action→Faze Action[exact]; Amitibar→Amitibar[exact]; Babaloo→Babaloo[exact]; Shrimp→Shrimp[exact]; Apache→Apache[exact]; Buds→Buds[exact],,,"Full Babaloo Boulders topo page. Text: small area on the beach of Babaloo Bar / Taraporn Bungalows, access via long concrete walkway. Route list (1-40) incl.: 1a. Apache** V5; 1b. Buddha Corner*** V3; 2. Sunrise to Buddha*** V3 (highball); "
42,guide,Images/guide/p14-0-X41.jpg,photo-topo,Mek's Mountain,meks-mountain,Mek's Mountain,exact_name,Mek's Mountain,14,,,topo_no_extractable_links|caption_says_unverified,0,0,49,,,,,"Large granite crag with overlaid route lines: one orange dashed line leading to a yellow star anchor at the top, flanked by several black dashed lines. No legible route names or grade labels. Crag identity unverified."
42,guide,Images/guide/p39-1-X128.jpg,photo-topo,Mango Mount,mango-mount,Mango Mount,exact_name,Mango Mount,39,,,topo_no_extractable_links|caption_says_unverified,0,0,10,,,,1. E  2. M  3. VE,"Boulder photo with 3 drawn route lines; caption '1. E  2. M  3. VE' (difficulty letters, route names not given). Crash pads at base. Crag unverified (same bouldering section as surrounding pages 37-39)."
42,guide,Images/guide/p39-2-X129.jpg,photo-topo,Mango Mount,mango-mount,Mango Mount,exact_name,Mango Mount,39,,,topo_no_extractable_links|caption_says_unverified,0,0,10,,,,6. M,"Boulder photo with one drawn crack line; caption '6. M'. Crash pads at base, vegetation on top. Crag unverified."
42,guide,Images/guide/p39-3-X130.jpg,photo-topo,Mango Mount,mango-mount,Mango Mount,exact_name,Mango Mount,39,,,topo_no_extractable_links|caption_says_unverified,0,0,10,,,,,Sunlit boulder photo with drawn route line; caption '7. M (Sit)'. Crag unverified.
42,guide,Images/guide/p39-4-X131.jpg,photo-topo,Mango Mount,mango-mount,Mango Mount,exact_name,Mango Mount,39,,,topo_no_extractable_links|caption_says_unverified,0,0,10,,,,5. E  6. MH,Boulder photo with two drawn crack/arete lines; caption '5. E  6. MH'. Multiple crash pads at base. Crag unverified.
42,guide,Images/guide/p40-1-X135.jpg,photo-topo,Mango Mount,mango-mount,Mango Mount,exact_name,Mango Mount,40,,,topo_no_extractable_links|caption_says_unverified,0,0,10,,,,,"Large granite boulder with 4 drawn route lines; caption '1. E  2. E  3. E  4. MH 6b ( Sit )'. Jungle vegetation around, orange crash pad visible at right. Crag unverified (Tower of Power section, pages 39-41)."
42,guide,Images/guide/p40-2-X136.jpg,photo-topo,Mango Mount,mango-mount,Mango Mount,exact_name,Mango Mount,40,,,topo_no_extractable_links|caption_says_unverified,0,0,10,,,,,Rounded granite boulder in jungle with one drawn crack line; caption '5. M ( Sit )'. Crag unverified.
42,guide,Images/guide/p40-3-X137.jpg,photo-topo,Mango Mount,mango-mount,Mango Mount,exact_name,Mango Mount,40,,,topo_no_extractable_links|caption_says_unverified,0,0,10,,,,,Boulder photo with one drawn line that forks near the base; caption '5. MH 6c   6. (Sit start Project)'. Crag unverified.
42,guide,Images/guide/p40-5-X139.jpg,photo-topo,Mango Mount,mango-mount,Mango Mount,exact_name,Mango Mount,40,,,topo_no_extractable_links|caption_says_unverified,0,0,10,,,,1. E   2. E   3. E   4. E,Vegetation-topped boulder with 4 drawn route lines; caption '1. E   2. E   3. E   4. E'. Crag unverified.
42,guide,Images/guide/p40-6-X140.jpg,photo-topo,Mango Mount,mango-mount,Mango Mount,exact_name,Mango Mount,40,,,topo_no_extractable_links|caption_says_unverified,0,0,10,,,,,"Mossy boulder photo with one drawn crack line; caption '( Project )   8. M ( Sit )' (numbers partially legible, unverified). Crag unverified."
42,guide,Images/guide/p41-1-X144.jpg,photo-topo,Mango Mount,mango-mount,Mango Mount,exact_name,Mango Mount,41,,,topo_no_extractable_links|caption_says_unverified,0,0,10,,,,,"Boulder with three hand-drawn topo lines labelled ""M"", ""MH"" and ""(Project)"". Crag/sector attribution unverified (page 41 boulder section, no crag name legible on the image)."
42,guide,Images/guide/p41-2-X145.jpg,photo-topo,Mango Mount,mango-mount,Mango Mount,exact_name,Mango Mount,41,,,topo_no_extractable_links|caption_says_unverified,0,0,10,,,,,"Boulder face with a single hand-drawn crack line labelled ""V1""; tree trunk at left, ferns on top. Crag attribution unverified."
42,guide,Images/guide/p41-3-X146.jpg,photo-topo,Mango Mount,mango-mount,Mango Mount,exact_name,Mango Mount,41,,,topo_no_extractable_links|caption_says_unverified,0,0,10,,,,,"Tall boulder with bird's-nest fern on top; topo line up the right arete labelled ""( Project )"". Crag attribution unverified."
42,guide,Images/guide/p41-4-X147.jpg,photo-topo,Mango Mount,mango-mount,Mango Mount,exact_name,Mango Mount,41,,,topo_no_extractable_links|caption_says_unverified,0,0,10,,,,,"Steep boulder with two topo lines captioned ""( Sit Start Projects )"". Crag attribution unverified."
42,guide,Images/guide/p41-5-X148.jpg,photo-topo,Mango Mount,mango-mount,Mango Mount,exact_name,Mango Mount,41,,,topo_no_extractable_links|caption_says_unverified,0,0,10,,,,,"Slabby boulder face with one topo line labelled ""M ( Sit Start )"". Crag attribution unverified."
42,guide,Images/guide/p41-6-X149.jpg,photo-topo,Mango Mount,mango-mount,Mango Mount,exact_name,Mango Mount,41,,,topo_no_extractable_links|caption_says_unverified,0,0,10,,,,,"Large leaning boulder with two topo lines labelled ""(Project Traverse)"" and ""E"". Crag attribution unverified."
40,guide,Images/guide/p01-0-X0.jpg,action-photo,,,,missing_crag,,1,,,unresolved_crag,0,0,0,,,,,"Silhouetted climber on top-rope stemming in a wide chimney or between two rock walls against a bright sky, with trees below; no text or route markings visible."
40,guide,Images/guide/p04-0-X9.jpg,map,,,,missing_crag,,4,,,unresolved_crag,0,0,0,,,,,Grayscale drawn map of Koh Tao island showing the road/trail network (solid and dotted lines) with a small line-style legend in the bottom-left corner; no place names legible.
40,guide,Images/guide/p07-0-X14.jpg,other,,,,missing_crag,,7,,,unresolved_crag,0,0,0,,,,,Photo of a top-rope anchor: knotted rope sling draped over a rock edge with two steel carabiners clipped at the master point. No route names or text.
40,guide,Images/guide/p07-1-X15.jpg,other,,,,missing_crag,,7,,,unresolved_crag,0,0,0,,,,,Photo of a two-bolt anchor equalised with a knotted rope cord on a rock face. No route names or text.
40,guide,Images/guide/p07-2-X16.jpg,other,,,,missing_crag,,7,,,unresolved_crag,0,0,0,,,,,Close-up photo of two glue-in/bolt hangers on textured rock (anchor hardware detail). No text.
40,guide,Images/guide/p07-3-X17.jpg,other,,,,missing_crag,,7,,,unresolved_crag,0,0,0,,,,,"Close-up photo of two visibly rusted bolt hangers/carabiners (lower-off hardware) on lichen-speckled rock, illustrating anchor wear. No text."
40,guide,Images/guide/p44-2-X159.jpg,action-photo,,,,missing_crag,,44,,,unresolved_crag,0,0,0,,,,,"Helmeted lead climber with a full trad/sport rack moving past a pocketed section, belayer visible below among boulders. No route names legible."
40,guide,Images/guide/p44-3-X160.jpg,action-photo,,,,missing_crag,,44,,,unresolved_crag,0,0,0,,,,,Boulderer reaching up an overhanging granite boulder above stacked crash pads; grass and palm trees in background. No route names legible.
40,guide,Images/guide/p44-4-X161.jpg,action-photo,,,,missing_crag,,44,,,unresolved_crag,0,0,0,,,,,"Two climbers on a steep grey granite wall; one climbing an arête/edge in foreground, another visible near the top. No route names legible."
40,guide,Images/guide/p44-5-X162.jpg,action-photo,,,,missing_crag,,44,,,unresolved_crag,0,0,0,,,,,Black-and-white overhead shot of a boulderer on a slab with a crash pad below. No route names legible.
40,guide,Images/guide/p45-0-X163.jpg,scenic,,,,missing_crag,,45,,,unresolved_crag,0,0,0,,,,,"Panoramic summit view over forested hills, a village with red roofs, and the sea; rock face visible at right edge. No text."
40,guide,Images/guide/p45-1-X164.jpg,scenic,,,,missing_crag,,45,,,unresolved_crag,0,0,0,,,,,Panoramic view over twin turquoise bays and jungle-covered headland with scattered boulders and boats at anchor. No text.
40,guide,Images/guide/p45-2-X165.jpg,scenic,,,,missing_crag,,45,,,unresolved_crag,0,0,0,,,,,Panoramic view of a concrete path winding through a coconut palm grove with scattered boulders. No text.
40,guide,Images/guide/p45-3-X166.jpg,scenic,,,,missing_crag,,45,,,unresolved_crag,0,0,0,,,,,Coconut palm grove on grassy slope with boulders and a rustic hut/structure visible among the trees. No text.
40,guide,Images/guide/p45-4-X167.jpg,scenic,,,,missing_crag,,45,,,unresolved_crag,0,0,0,,,,,Rocky hillside with coconut palms and dry grass; craggy rock outcrops on the slope. No text.
40,guide,Images/guide/p46-0-X169.jpg,scenic,,,,missing_crag,,46,,,unresolved_crag,0,0,0,,,,,Granite boulders scattered in grassy terrain among coconut palms under a blue sky. No text or route info; no climbers visible.
40,guide,Images/guide/p46-1-X170.jpg,action-photo,,,,missing_crag,,46,,,unresolved_crag,0,0,0,,,,,"Climber high on a steep, featured orange-grey granite face above trees, with a wooden platform or structure at the base. No route names or grades visible."
40,guide,Images/guide/p46-2-X171.jpg,action-photo,,,,missing_crag,,46,,,unresolved_crag,0,0,0,,,,,Boulderer on a crash pad working the low roof/underbelly of a large horizontal granite boulder in jungle vegetation. No route names or grades visible.
40,guide,Images/guide/p46-3-X172.jpg,action-photo,,,,missing_crag,,46,,,unresolved_crag,0,0,0,,,,,"Shirtless boulderer in orange shorts with chalk bag, heel-hooking a sloping rail on a dark grey boulder. No route names or grades visible."
40,guide,Images/guide/p46-4-X173.jpg,action-photo,,,,missing_crag,,46,,,unresolved_crag,0,0,0,,,,,Shirtless boulderer in camouflage shorts climbing a grey granite face with chalk bag. No route names or grades visible.
40,guide,Images/guide/p46-5-X174.jpg,crag-photo,,,,missing_crag,,46,,,unresolved_crag,0,0,0,,,,,Distant telephoto view of a pale granite pinnacle/tower formation rising above dense jungle canopy. No text or route info.
40,guide,Images/guide/p49-0-X178.jpg,other,,,,missing_crag,,49,,,unresolved_crag,0,0,0,,,,ROCK CLIMBING,"Full-page advertisement: 'ROCK CLIMBING' by Goodtime Adventures (www.gtadventures.com). Offers: Discover Rock Climbing (half-day beginner intro); Courses (beginner top-rope, anchor building, sport leading, trad); Guides or Beta (free PDF cl"
37,guide,Images/guide/p08-0-X19.jpg,map,Mek's Mountain,meks-mountain,Mek's Mountain,exact_name,Mek's Mountain,8,,,multi_route_caption|no_routeId_multi_route_gap,5,5,49,,Poker Face→Poker Face[exact]; Tongue Twister→Tongue Twister[exact]; Lower Fraggle→Lower Fraggle[exact]; Car Jack→Car Jack[exact]; Stringer→Stringer[exact],,MEK; Sairee Face; Shady Crack; Watchtower; Low Bulge; Eagle Wall; Tongue Twister; Lower Fraggle,"Hand-drawn area map 'MEK's MOUNTAIN' with compass, 15 m scale, legend (anchor, path, ladder, top rope/sport/trad routes, sport bolt) and walls: Low Bulge (4 Top Rope), Sairee Face (2 Sport, 2 Top Rope), Eagle Wall (4 Sport, 2 Top Rope), Two"
35,community,Images/community/golden-view-mp-gruber-03.jpg,community-photo,Golden View,golden-view,Golden View,exact_name,Golden View,,"user-contributed, all rights reserved — shown with attribution and source link",https://www.mountainproject.com/photo/125634455/dont-know-the-names-of-these-two-routes-the-left-one-felt-about-6b-and-the-right,caption_routes_not_in_db,1,0,6,The left one felt about(6b),,,,Don't know the names of these two routes. The left one felt about 6b and the right one maybe 7a+ or 7b. The rock was much less sharp on this side. (Mountain Project Golden View area photo by Caleb Gruber)
35,guide,Images/guide/p17-1-X50.jpg,map,Laem Thian (Mao Rock),laem-thian,Laem Thian,prefix_name,Laem Thian,17,,,caption_routes_not_in_db,1,0,2,Come on Dave!!(6b),,,,"Hand-drawn area map titled 'Laem Thian Jungle'. Labels: 'Mao Rock', 'Drink more - 6b, 30 m', 'Come on Dave!! 6b, 30 m', '6a, 12 m' (x2), '5a-6a 22m', '5a, 10m', '7+, 16m (stringer)', 'Hill', 'Thick jungle edge', 'Coconut palms', 'Tanote Bay"
32,guide,Images/guide/p17-2-X51.jpg,photo-topo,Laem Thian (Mao Rock),laem-thian,Laem Thian,prefix_name,Laem Thian,17,,,topo_no_extractable_links,0,0,2,,,,,"Photo-topo titled 'Laem Thian Coast'. Two route lines with star-marked anchors. Captions: '5a-5c, 3 small routes, 13m' and '6b+, 15 m'; 'Top rope access'. Description text: access from Laem Thian Resort by rock hopping at low tide; beginner"
32,guide,Images/guide/p20-0-X57.jpg,photo-topo,Tanote Bay,tanote-bay,Tanote Bay,exact_name,Tanote Bay,20,,,topo_no_extractable_links,0,0,45,,,,,"Coastal hillside photo with drawn route/approach lines (green line up the slab, red and orange segments near the base and summit block) and a '12m' scale marker; boats at the shoreline. No route names or grades legible."
20,guide,Images/guide/p40-4-X138.jpg,photo-topo,Mango Mount,mango-mount,Mango Mount,exact_name,Mango Mount,40,,,caption_says_unverified,1,1,10,,Tennis Ball Slab→Tennis Ball Slab[exact],,,"Boulder photo with two drawn vertical crack lines; caption '7. (Tennis Ball Slab)  E   8. ( Projects)' - route name 'Tennis Ball Slab' partially legible, unverified. Crag unverified."
20,guide,Images/guide/p41-7-X150.jpg,photo-topo,Mango Mount,mango-mount,Mango Mount,exact_name,Mango Mount,41,,,caption_says_unverified,1,1,10,,Another Green Traverse→Another Green Traverse[exact],,,"Boulder with three topo lines labelled ""M"", ""Another Green Traverse 6A+ (Sit)"" and ""Nm (sit)"". Only named route on page 41. Crag attribution unverified."
18,community,Images/community/beach-boulders-flickr-chrisjohnson-01.jpg,community-photo,"unverified (granite beach boulders, Koh Tao)",,,unverified_label,,,CC BY-NC-ND 2.0,https://www.flickr.com/photos/45092594@N02/4147832986,unverified_crag_label|nd_license,0,0,0,,,,,"Granite Beach Boulder Heaven - Koh Tao, Thailand"
18,community,Images/community/boulders-flickr-sheiladeeisme-01.jpg,community-photo,"unverified (coastal boulders, Koh Tao)",,,unverified_label,,,CC BY-NC-ND 2.0,https://www.flickr.com/photos/26255461@N02/21254751852,unverified_crag_label|nd_license,0,0,0,,,,,"Boulder Hopping - scrambling over coastal boulders, Koh Tao"
18,community,Images/community/boulders-flickr-sheiladeeisme-02.jpg,community-photo,"unverified (coastal boulders, Koh Tao)",,,unverified_label,,,CC BY-NC-ND 2.0,https://www.flickr.com/photos/26255461@N02/21222680271,unverified_crag_label|nd_license,0,0,0,,,,,"Boulders with a View - Koh Tao, Gulf of Thailand"
18,community,Images/community/boulders-flickr-sheiladeeisme-03.jpg,community-photo,"unverified (coastal boulders, Koh Tao)",,,unverified_label,,,CC BY-NC-ND 2.0,https://www.flickr.com/photos/26255461@N02/20642564744,unverified_crag_label|nd_license,0,0,0,,,,,Boulders - rocky coastline of Koh Tao
18,community,Images/community/john-suwan-viewpoint-flickr-sitoo-01.jpg,community-photo,"unverified (John-Suwan viewpoint, scenic)",,,unverified_label,,,CC BY-NC-ND 2.0,https://www.flickr.com/photos/7470842@N04/30464276574,unverified_crag_label|nd_license,0,0,0,,,,,"John-Suwan viewpoint, Koh Tao (360-degree panorama over granite headland)"
16,community,Images/community/backyard-mp-ways-01.png,community-photo,Backyard,backyard-frontyard,Backyard & Frontyard,alias,Backyard & Frontyard,,"user-contributed, all rights reserved — shown with attribution and source link",https://www.mountainproject.com/photo/113972540/topo,crag_alias_needed,0,0,166,,,,,Topo (Mountain Project Backyard area photo by Brian Ways)
16,community,Images/community/frontyard-mp-ways-01.png,community-photo,Frontyard,backyard-frontyard,Backyard & Frontyard,alias,Backyard & Frontyard,,"user-contributed, all rights reserved — shown with attribution and source link",https://www.mountainproject.com/photo/113972561/topo,crag_alias_needed,0,0,166,,,,,topo (Mountain Project Frontyard area photo by Brian Ways)
16,community,Images/community/sairee-viewpoint-flickr-moncka-01.jpg,community-photo,Sairee Beach (scenic viewpoint),,,scenic_non_crag,,,CC BY-NC-ND 2.0,https://www.flickr.com/photos/47827535@N05/4404297096,scenic_non_crag|nd_license,0,0,0,,,,,Viewpoint Sairee beach // Koh Tao
15,guide,Images/guide/p01-1-X1.jpg,other-unusable,,,,missing_crag,,1,,,unresolved_crag,0,0,0,,,,,"Tiny 64x62 px black-and-white line-art fragment, apparently a cropped piece of a drawn hand/logo; no legible text."
15,guide,Images/guide/p01-2-X2.jpg,other-unusable,,,,missing_crag,,1,,,unresolved_crag,0,0,0,,,,,"Tiny 64x62 px black-and-white line-art fragment, another cropped piece of the same drawn hand/logo graphic; no legible text."
15,guide,Images/guide/p01-3-X3.jpg,other-unusable,,,,missing_crag,,1,,,unresolved_crag,0,0,0,,,,,"Tiny 64x62 px black-and-white line-art fragment showing part of a spiky/circular outline, likely another crop of the same logo graphic; no legible text."
15,guide,Images/guide/p01-4-X4.jpg,other-unusable,,,,missing_crag,,1,,,unresolved_crag,0,0,0,,,,,"Tiny 64x62 px black-and-white line-art fragment showing curved lines and a spiky arc, another crop of the same logo graphic; no legible text."
15,guide,Images/guide/p02-1-X6.jpg,other-unusable,,,,missing_crag,,2,,,unresolved_crag,0,0,0,,,,,Small 84x84 px circular logo of a green stylized hand (the Goodtime Adventures hand logo); no legible text.
15,guide,Images/guide/p03-1-X8.jpg,other-unusable,,,,missing_crag,,3,,,unresolved_crag,0,0,0,,,,,"Small 84x84 px circular logo of a green stylized hand, identical to p02-1-X6 (Goodtime Adventures logo); no legible text."
15,guide,Images/guide/p04-1-X10.jpg,other-unusable,,,,missing_crag,,4,,,unresolved_crag,0,0,0,,,,,Small 75x75 px circular logo of a green stylized hand (Goodtime Adventures logo variant); no legible text.
15,guide,Images/guide/p04-2-X11.png,other-unusable,,,,missing_crag,,4,,,unresolved_crag,0,0,0,,,,,"Tiny 23x23 px PNG icon, appears to be a small document/image placeholder glyph; content unrecognizable at this size."
15,guide,Images/guide/p05-0-X12.jpg,other-unusable,,,,missing_crag,,5,,,unresolved_crag,0,0,0,,,,,"Tiny 84x84 circular logo/icon (green patch with three tan stripes in a black ring). Decorative bullet, no legible text. Identical asset appears on multiple pages."
15,guide,Images/guide/p06-0-X13.jpg,other-unusable,,,,missing_crag,,6,,,unresolved_crag,0,0,0,,,,,Tiny 84x84 circular logo/icon (same decorative bullet as p05-0-X12). No legible text.
15,guide,Images/guide/p07-4-X18.jpg,other-unusable,,,,missing_crag,,7,,,unresolved_crag,0,0,0,,,,,Tiny 84x84 circular logo/icon (same decorative bullet as p05-0-X12). No legible text.
15,guide,Images/guide/p43-1-X156.jpg,other-unusable,,,,missing_crag,,43,,,unresolved_crag,0,0,0,,,,,Tiny 84x84 decorative graphic/logo icon (green and orange abstract shape in a dark circle). No legible text.
15,guide,Images/guide/p44-0-X157.jpg,other-unusable,,,,missing_crag,,44,,,unresolved_crag,0,0,0,,,,,"Tiny 84x84 decorative graphic/logo icon, appears identical to p43-1-X156.jpg. No legible text."
15,guide,Images/guide/p45-5-X168.jpg,other-unusable,,,,missing_crag,,45,,,unresolved_crag,0,0,0,,,,,Goodtime Adventures logo: green climbing hand holding a rock inside a black circle. No text or route info.
15,guide,Images/guide/p46-6-X175.jpg,other-unusable,,,,missing_crag,,46,,,unresolved_crag,0,0,0,,,,,Goodtime Adventures logo: green climbing hand holding a rock inside a black circle. No text or route info.
15,guide,Images/guide/p47-0-X176.jpg,other-unusable,,,,missing_crag,,47,,,unresolved_crag,0,0,0,,,,,"Full-page advertisement: 'SCUBA DIVING - Speed boat from the beach, small and personal groups' by Goodtime Adventures (www.gtadventures.com). Lists fun dives, PADI/SSI Open Water and Advanced courses, specialties (Nitrox, Deep, DPV), Discov"
15,guide,Images/guide/p48-0-X177.jpg,other-unusable,,,,missing_crag,,48,,,unresolved_crag,0,0,0,,,,ADVENTURE COMBO,"Full-page advertisement: 'ADVENTURE COMBO'S' by Goodtime Adventures (www.gtadventures.com). Packages: Jump into Jaws (hike, cliff jumping 3m/9m/12m, snorkeling); On The Rocks (abseiling from 25m cliffs, beginner rock climbing); Koh Tao Adve"
14,community,Images/community/boulders-view-flickr-hellberg-01.jpg,community-photo,"unverified (boulders and rocks, Koh Tao)",,,unverified_label,,,CC BY-SA 2.0,https://www.flickr.com/photos/75489014@N00/2308445404,unverified_crag_label,0,0,0,,,,,"Boulders and rocks above the sea, Koh Tao (Thailand 2008)"
14,community,Images/community/climbing-action-slade-flickr-gnomej-01.jpg,community-photo,"unverified (rock climbing on granite, Koh Tao; tagged 'slade')",,,unverified_label,,,CC BY-NC 2.0,https://www.flickr.com/photos/25409279@N02/3115036914,unverified_crag_label,0,0,0,,,,,Slade - climber on Koh Tao granite
14,community,Images/community/ko-tao-rocks-flickr-araxav-01.jpg,community-photo,"unverified (coastal rocks, Koh Tao)",,,unverified_label,,,CC BY-NC 2.0,https://www.flickr.com/photos/32847592@N05/3143663080,unverified_crag_label,0,0,0,,,,,Ko Tao rocks
14,community,Images/community/ko-tao-rocks-flickr-araxav-02.jpg,community-photo,"unverified (coastal rocks, Koh Tao)",,,unverified_label,,,CC BY-NC 2.0,https://www.flickr.com/photos/32847592@N05/3142837279,unverified_crag_label,0,0,0,,,,,Ko Tao rocks
14,community,Images/community/ko-tao-rocks-flickr-araxav-03.jpg,community-photo,"unverified (coastal rocks, Koh Tao)",,,unverified_label,,,CC BY-NC 2.0,https://www.flickr.com/photos/32847592@N05/3143665050,unverified_crag_label,0,0,0,,,,,Ko Tao rocks
14,community,Images/community/koh-tao-rocks-flickr-atina-01.jpg,community-photo,"unverified (rocks, Koh Tao)",,,unverified_label,,,CC BY-NC-SA 2.0,https://www.flickr.com/photos/30015035@N03/2810647191,unverified_crag_label,0,0,0,,,,,Koh Tao - rocks
14,community,Images/community/report-bouldering-chris-chapman-01.jpg,community-photo,"unverified (Koh Tao boulders, specific bloc not identified)",,,unverified_label,,,"user-contributed, all rights reserved — shown with attribution and source link",https://rockrun.com/blogs/the-flash-rock-run-blog/bouldering-on-koh-tao-thailand-destination-articles,unverified_crag_label,0,0,0,,,,,"Article image for 'Bouldering on Koh Tao, Thailand' (Rock+Run)."
14,community,Images/community/report-crag-mapo-tapo-01.jpg,community-photo,unverified (a rock climbing crag in Koh Tao),,,unverified_label,,,"user-contributed, all rights reserved — shown with attribution and source link",https://www.mapotapo.com/blog/koh-tao,unverified_crag_label,0,0,0,,,,,A rock climbing crag in Koh Tao — header image of the Mapo Tapo guide.
14,community,Images/community/report-koh-tao-onsight-01.jpg,community-photo,unverified (Koh Tao; post caption not recoverable),,,unverified_label,,,"user-contributed, all rights reserved — shown with attribution and source link",https://onsightkohtaoclimbing-blog.tumblr.com/,unverified_crag_label,0,0,0,,,,,Photo post on the Onsight Koh Tao climbing Tumblr blog.
14,community,Images/community/rock-formations-flickr-01.jpg,community-photo,"unverified (rock formations, Koh Tao)",,,unverified_label,,,CC BY 2.0,https://www.flickr.com/photos/88774309@N00/367717770,unverified_crag_label,0,0,0,,,,,Rock formations in Koh Tao
14,community,Images/community/rocky-headland-flickr-cosmicwindblown-01.jpg,community-photo,"unverified (granite headland with resort hut, Koh Tao)",,,unverified_label,,,CC0 1.0,https://www.flickr.com/photos/191211375@N03/50670543718,unverified_crag_label,0,0,0,,,,,"rocky headland — granite outcrop, Koh Tao (tagged: koh tao, granite, outcrop, resort, hut)"
12,community,Images/community/john-suwan-viewpoint-commons-kallerna-01.jpg,community-photo,John-Suwan Viewpoint (scenic),,,scenic_non_crag,,,CC BY-SA 4.0,https://commons.wikimedia.org/wiki/File:John-Suwan_Viewpoint_Ko_Tao_1.jpg,scenic_non_crag,0,0,0,,,,,View from John-Suwan viewpoint over the southern tip of Koh Tao.
12,community,Images/community/mae-haad-commons-longtails-01.jpg,community-photo,Mae Haad (arrival/scenic),,,scenic_non_crag,,,CC BY-SA 3.0,https://commons.wikimedia.org/wiki/File:Koh_Tao_Mae_Haad_longtails.jpg,scenic_non_crag,0,0,0,,,,,"Longtail boats at Mae Haad, Koh Tao's main pier village."
12,community,Images/community/mango-viewpoint-flickr-skinofstars-01.jpg,community-photo,Mango Viewpoint (scenic/approach),,,scenic_non_crag,,,CC BY 2.0,https://www.flickr.com/photos/45731806@N00/10476362566,scenic_non_crag,0,0,0,,,,,"Mango viewpoint junction, Koh Tao"
10,community,Images/community/report-topo-map-mapo-tapo-01.png,map,multiple (island topo map),,,multi_place_label,,,"user-contributed, all rights reserved — shown with attribution and source link",https://www.mapotapo.com/blog/koh-tao,multi_place_label,0,0,0,,,,,Topo map of the crags at Koh Tao — graphic from the Mapo Tapo guide.
10,guide,Images/guide/p02-0-X5.jpg,action-photo,Mango Mount,mango-mount,Mango Mount,exact_name,Mango Mount,2,,,caption_says_unverified,0,0,10,,,,,"Shirtless boulderer climbing a steep granite boulder above an orange organic crash pad, with jungle and a sea view behind; 'Goodtime Adventures' watermark in the top-left corner; specific boulder/crag unverified. PDF caption: 'Myo Aung @ Ma"
10,guide,Images/guide/p03-0-X7.jpg,crag-photo,Mek's Mountain,meks-mountain,Mek's Mountain,exact_name,Mek's Mountain,3,,,caption_says_unverified,0,0,49,,,,The Elephant,"Distant photo of a large rounded granite boulder formation rising above dense jungle, its outline resembling a reclining elephant (best guess: The Elephant at Sairee Beach Boulders, unverified); no drawn lines or legible text. PDF caption: "
10,guide,Images/guide/p12-1-X34.jpg,action-photo,Mek's Mountain,meks-mountain,Mek's Mountain,exact_name,Mek's Mountain,12,,,caption_says_unverified,0,0,49,,,,,"Small (204x154) photo of a helmeted climber in a red shirt on toprope, jamming through a wide crack/roof. No text. Crag unverified."
10,guide,Images/guide/p12-2-X35.jpg,action-photo,Mek's Mountain,meks-mountain,Mek's Mountain,exact_name,Mek's Mountain,12,,,caption_says_unverified,0,0,49,,,,,Small vertical (170x292) photo of a climber high on a steep rock face above dense vegetation. No text. Crag unverified.
10,guide,Images/guide/p28-0-X75.jpg,action-photo,Backyard & Frontyard,backyard-frontyard,Backyard & Frontyard,exact_name,Backyard & Frontyard,28,,,caption_says_unverified,0,0,166,,,,,"Bouldering action photo: shirtless climber on an overhanging boulder problem with a spotter below and crash pads at the base; jungle/palm setting. No text or route info. Likely Tanote Bay Frontyard bouldering given page context, but unverif"
10,guide,Images/guide/p28-1-X76.jpg,crag-photo,Backyard & Frontyard,backyard-frontyard,Backyard & Frontyard,exact_name,Backyard & Frontyard,28,,,caption_says_unverified,0,0,166,,,,,"Photo of a large grey boulder with visible crack/feature lines in a wooded setting; no climbers, no topo lines, no text. Likely a Tanote Bay boulder given page context, but unverified."
10,guide,Images/guide/p28-2-X77.jpg,crag-photo,Backyard & Frontyard,backyard-frontyard,Backyard & Frontyard,exact_name,Backyard & Frontyard,28,,,caption_says_unverified,0,0,166,,,,,"Photo of a large featured boulder in a grassy clearing with palm trees behind; no climbers, no topo lines, no text. Likely a Tanote Bay boulder given page context, but unverified."
10,guide,Images/guide/p28-3-X78.jpg,crag-photo,Backyard & Frontyard,backyard-frontyard,Backyard & Frontyard,exact_name,Backyard & Frontyard,28,,,caption_says_unverified,0,0,166,,,,,"Photo of a tall, steep boulder face with a palm tree to the right; no climbers, no topo lines, no text. Likely a Tanote Bay boulder given page context, but unverified."
10,guide,Images/guide/p28-4-X79.jpg,crag-photo,Backyard & Frontyard,backyard-frontyard,Backyard & Frontyard,exact_name,Backyard & Frontyard,28,,,caption_says_unverified,0,0,166,,,,,"Photo of a pointed, overhanging boulder with dark streaked rock and a tree to the left; no climbers, no topo lines, no text. Likely a Tanote Bay boulder given page context, but unverified."
10,guide,Images/guide/p28-5-X80.jpg,crag-photo,Backyard & Frontyard,backyard-frontyard,Backyard & Frontyard,exact_name,Backyard & Frontyard,28,,,caption_says_unverified,0,0,166,,,,,"Photo of a large rounded boulder framed by palm trees; no climbers, no topo lines, no text. Likely a Tanote Bay boulder given page context, but unverified."
10,guide,Images/guide/p29-2-X84.jpg,scenic,Secret Garden Boulders,secret-garden-boulders,Secret Garden Boulders,exact_name,Secret Garden Boulders,29,,,caption_says_unverified,0,0,83,,,,,Concrete footpath winding through a coconut palm grove with grassy undergrowth; likely an approach-path photo for the jungle bouldering section (location unverified); no text or route markings.
10,guide,Images/guide/p29-3-X85.jpg,scenic,Secret Garden Boulders,secret-garden-boulders,Secret Garden Boulders,exact_name,Secret Garden Boulders,29,,,caption_says_unverified,0,0,83,,,,,Coconut palms and dense tropical vegetation with a hazy distant view; likely approach/setting shot for the jungle bouldering section (location unverified); no text or route markings.
10,guide,Images/guide/p30-0-X86.jpg,crag-photo,Secret Garden Boulders,secret-garden-boulders,Secret Garden Boulders,exact_name,Secret Garden Boulders,30,,,caption_says_unverified,0,0,83,,,,,"Tall rounded granite boulder among trees with palms behind (best guess: a bloc in the Secret Garden Boulders section, inferred from page position in the guide's bouldering chapter — unverified); no drawn lines, numbers, or legible text."
10,guide,Images/guide/p30-1-X87.jpg,crag-photo,Secret Garden Boulders,secret-garden-boulders,Secret Garden Boulders,exact_name,Secret Garden Boulders,30,,,caption_says_unverified,0,0,83,,,,,"Large dark rounded granite boulder in grass with coconut palms behind (best guess: Secret Garden Boulders bloc — unverified); no drawn lines, numbers, or legible text."
10,guide,Images/guide/p30-2-X88.jpg,crag-photo,Secret Garden Boulders,secret-garden-boulders,Secret Garden Boulders,exact_name,Secret Garden Boulders,30,,,caption_says_unverified,0,0,83,,,,,"Stacked granite boulder formation with overhanging bulges in jungle with palms (best guess: Secret Garden Boulders bloc — unverified); no drawn lines, numbers, or legible text."
10,guide,Images/guide/p30-3-X89.jpg,crag-photo,Secret Garden Boulders,secret-garden-boulders,Secret Garden Boulders,exact_name,Secret Garden Boulders,30,,,caption_says_unverified,0,0,83,,,,,"Steep-featured granite boulder with a prominent prow/roof among grass and palms (best guess: Secret Garden Boulders bloc — unverified); no drawn lines, numbers, or legible text."
10,guide,Images/guide/p30-4-X90.jpg,crag-photo,Secret Garden Boulders,secret-garden-boulders,Secret Garden Boulders,exact_name,Secret Garden Boulders,30,,,caption_says_unverified,0,0,83,,,,,"Cracked blocky granite boulder shaded by trees and vines, palms behind (best guess: Secret Garden Boulders bloc — unverified); no drawn lines, numbers, or legible text."
10,guide,Images/guide/p31-0-X92.jpg,crag-photo,Secret Garden Boulders,secret-garden-boulders,Secret Garden Boulders,exact_name,Secret Garden Boulders,31,,,caption_says_unverified,0,0,83,,,,,"Cluster of large granite boulders in forest with thin tree trunks in front (best guess: Secret Garden Boulders bloc — unverified); no drawn lines, numbers, or legible text."
10,guide,Images/guide/p31-1-X93.jpg,crag-photo,Secret Garden Boulders,secret-garden-boulders,Secret Garden Boulders,exact_name,Secret Garden Boulders,31,,,caption_says_unverified,0,0,83,,,,,"Narrow vertical chimney/corner between two granite boulder walls in shade (best guess: Secret Garden Boulders bloc — unverified); no drawn lines, numbers, or legible text."
10,guide,Images/guide/p31-2-X94.jpg,crag-photo,Secret Garden Boulders,secret-garden-boulders,Secret Garden Boulders,exact_name,Secret Garden Boulders,31,,,caption_says_unverified,0,0,83,,,,,"Tall clean granite boulder face beside a tree in jungle light (best guess: Secret Garden Boulders bloc — unverified); no drawn lines, numbers, or legible text."
10,guide,Images/guide/p31-3-X95.jpg,crag-photo,Secret Garden Boulders,secret-garden-boulders,Secret Garden Boulders,exact_name,Secret Garden Boulders,31,,,caption_says_unverified,0,0,83,,,,,"Large featured granite boulder with diagonal seams next to a palm trunk in a coconut grove (best guess: Secret Garden Boulders bloc — unverified); no drawn lines, numbers, or legible text."
10,guide,Images/guide/p33-2-X108.jpg,crag-photo,Secret Garden Boulders,secret-garden-boulders,Secret Garden Boulders,exact_name,Secret Garden Boulders,33,,,caption_says_unverified,0,0,83,,,,,"Wide horizontal shot of a large dark granite boulder among palm trees. No route lines, names, or grades visible. Crag assignment inferred from page context (page 34 contains the 'Upper Secret Garden' map) — unverified beyond that."
10,guide,Images/guide/p33-4-X110.jpg,crag-photo,Secret Garden Boulders,secret-garden-boulders,Secret Garden Boulders,exact_name,Secret Garden Boulders,33,,,caption_says_unverified,0,0,83,,,,,Large featured boulder face in grass with trees behind. No route markings or text visible. Crag inferred from page context — unverified.
10,guide,Images/guide/p33-5-X111.jpg,crag-photo,Secret Garden Boulders,secret-garden-boulders,Secret Garden Boulders,exact_name,Secret Garden Boulders,33,,,caption_says_unverified,0,0,83,,,,,"Vertical close shot of a sunlit boulder face, partly shadowed. No route names/grades/numbers legible. Crag inferred from page context — unverified."
10,guide,Images/guide/p35-0-X114.jpg,crag-photo,Secret Garden Boulders,secret-garden-boulders,Secret Garden Boulders,exact_name,Secret Garden Boulders,35,,,caption_says_unverified,0,0,83,,,,,Tall boulder leaning against another block in jungle; tree shadow on the face. No route names/grades/numbers visible. Crag inferred from page context (Upper Secret Garden section) — unverified.
10,guide,Images/guide/p35-1-X115.jpg,crag-photo,Secret Garden Boulders,secret-garden-boulders,Secret Garden Boulders,exact_name,Secret Garden Boulders,35,,,caption_says_unverified,0,0,83,,,,,Cluster of stacked boulders forming a cave/roof feature; palm trees behind. No route markings visible. Crag inferred from page context — unverified.
10,guide,Images/guide/p35-2-X116.jpg,crag-photo,Secret Garden Boulders,secret-garden-boulders,Secret Garden Boulders,exact_name,Secret Garden Boulders,35,,,caption_says_unverified,0,0,83,,,,,Two large boulders in dappled jungle light. No route names/grades/numbers visible. Crag inferred from page context — unverified.
10,guide,Images/guide/p35-3-X117.jpg,crag-photo,Secret Garden Boulders,secret-garden-boulders,Secret Garden Boulders,exact_name,Secret Garden Boulders,35,,,caption_says_unverified,0,0,83,,,,,Large rounded boulder face with a tree trunk in front. No route markings visible. Crag inferred from page context — unverified.
10,guide,Images/guide/p35-4-X118.jpg,crag-photo,Secret Garden Boulders,secret-garden-boulders,Secret Garden Boulders,exact_name,Secret Garden Boulders,35,,,caption_says_unverified,0,0,83,,,,,"Close view of a rough, dark boulder face with palm fronds overhead. No route names/grades/numbers visible. Crag inferred from page context — unverified."
10,guide,Images/guide/p35-5-X119.jpg,crag-photo,Secret Garden Boulders,secret-garden-boulders,Secret Garden Boulders,exact_name,Secret Garden Boulders,35,,,caption_says_unverified,0,0,83,,,,,"Broad, slightly overhanging boulder face in sun with foliage around. No route markings visible. Crag inferred from page context — unverified."
10,guide,Images/guide/p37-2-X125.jpg,other-unusable,The Peak Boulders / Sai Tong,the-peak-boulders,The Peak Boulders,dual_crag_partial,The Peak Boulders; Sai Tong,37,,,dual_crag_label,0,0,10,,,,,Tiny 84x84 decorative bullet icon (same green-blob icon). No route info.
10,guide,Images/guide/p38-0-X126.jpg,other-unusable,Fruit Bowl / Hin Wong Hills,fruit-bowl,Fruit Bowl,dual_crag_partial,Fruit Bowl; Hin Wong Hills,38,,,dual_crag_label,0,0,15,,,,,Tiny 84x84 decorative bullet icon (same green-blob icon). No route info.
10,guide,Images/guide/p39-0-X127.jpg,map,Mango Mount,mango-mount,Mango Mount,exact_name,Mango Mount,39,,,caption_says_unverified,0,0,10,,,,,"Sketch area map showing boulder clusters: Tower of Power Cluster, Bevels Ball Cluster (partially legible, unverified), Hilltop Cluster, Ankle Biter Cluster; a road and a house icon. No crag name visible - crag unverified."
10,guide,Images/guide/p41-0-X143.jpg,map,Mango Mount,mango-mount,Mango Mount,exact_name,Mango Mount,41,,,caption_says_unverified,0,0,10,,,,,Sketch boulder layout map with 6 numbered boulders (1-6); one boulder labeled 'Tower of Power'. Green dots mark reference points. Confirms this section is the 'Tower of Power Cluster' from map p39-0-X127; crag unverified (not one of the 9 k
10,guide,Images/guide/p42-1-X153.jpg,other-unusable,Aow Luek / Lang Khai,aow-luek,Aow Luek,dual_crag_partial,Aow Luek; Lang Khai,42,,,dual_crag_label,0,0,69,,,,,Same small circular green-island logo as p41-8-X151.jpg. No climbing content.
7,guide,Images/guide/p39-5-X132.jpg,topo-diagram-unusable,Mango Mount,mango-mount,Mango Mount,exact_name,Mango Mount,39,,,topo_no_extractable_links|caption_says_unverified,0,0,10,,,,,Faint line-drawing boulder layout map showing 5+ numbered boulders (1-4 legible). Part of the 'Tower of Power Cluster' bouldering section (map p39-0-X127); crag unverified.
7,guide,Images/guide/p40-0-X134.jpg,topo-diagram-unusable,Mango Mount,mango-mount,Mango Mount,exact_name,Mango Mount,40,,,topo_no_extractable_links|caption_says_unverified,0,0,10,,,,,"Faint line-drawing boulder layout map showing 2 numbered boulders (1, 2). Same Tower of Power bouldering section; crag unverified."
7,guide,Images/guide/p40-7-X141.jpg,topo-diagram-unusable,Mango Mount,mango-mount,Mango Mount,exact_name,Mango Mount,40,,,topo_no_extractable_links|caption_says_unverified,0,0,10,,,,,Faint line-drawing boulder layout map showing 6 numbered boulders (1-6). Same Tower of Power bouldering section; crag unverified.
4,community,Images/community/babaloo-boulders-flickr-sitoo-01.jpg,community-photo,Babaloo Boulders,babaloo-boulders,Babaloo Boulders,exact_name,Babaloo Boulders,,CC BY-NC-ND 2.0,https://www.flickr.com/photos/7470842@N04/31135755471,nd_license,1,1,58,,Babaloo→Babaloo[exact],,,"Babaloo Sector, Koh Tao (360-degree panorama of the granite bouldering beach)"
2,community,Images/community/big-brother-slab-mp-lisher-01.jpg,community-photo,Big Brother Slab,big-brother-slab,Big Brother Slab,exact_name,Big Brother Slab,,"user-contributed, all rights reserved — shown with attribution and source link",https://www.mountainproject.com/photo/111592838/crag-topo,ok_crag_only,0,0,5,,,,,crag topo (Mountain Project Big Brother Slab area photo by Backpackerdan Lisher)
2,community,Images/community/golden-slab-mp-lisher-01.jpg,community-photo,Golden Slab,golden-slab,Golden Slab,exact_name,Golden Slab,,"user-contributed, all rights reserved — shown with attribution and source link",https://www.mountainproject.com/photo/111565879/crag-photo,ok_crag_only,0,0,5,,,,,crag photo (Mountain Project Golden Slab area photo by Backpackerdan Lisher)
2,community,Images/community/golden-view-mp-gruber-01.jpg,community-photo,Golden View,golden-view,Golden View,exact_name,Golden View,,"user-contributed, all rights reserved — shown with attribution and source link",https://www.mountainproject.com/photo/125634433/the-view-from-golden-view,ok_crag_only,0,0,6,,,,,The view from Golden View (Mountain Project Golden View area photo by Caleb Gruber)
2,community,Images/community/golden-view-mp-gruber-02.jpg,community-photo,Golden View,golden-view,Golden View,exact_name,Golden View,,"user-contributed, all rights reserved — shown with attribution and source link",https://www.mountainproject.com/photo/125634439/theres-several-newly-bolted-routes-in-this-area-that-arent-on-mp-yet,ok_crag_only,0,0,6,,,,,There's several newly bolted routes in this area that aren't on MP yet. (Mountain Project Golden View area photo by Caleb Gruber)
2,community,Images/community/golden-view-mp-ways-01.jpg,community-photo,Golden View,golden-view,Golden View,exact_name,Golden View,,"user-contributed, all rights reserved — shown with attribution and source link",https://www.mountainproject.com/photo/113972448/topo-there-are-updates-ones-now-that-will-be-uploaded-soon,ok_crag_only,0,0,6,,,,,"Topo, there are updates ones now, that will be uploaded soon (Mountain Project Golden View area photo by Brian Ways)"
2,community,Images/community/jansom-bay-commons-01.jpg,community-photo,Jansom Bay,jansom-bay,Jansom Bay,exact_name,Jansom Bay,,CC BY 3.0,https://commons.wikimedia.org/wiki/File:Jansom_Bay-Koh_Tao_-_panoramio.jpg,ok_crag_only,0,0,9,,,,,"Jansom Bay, Koh Tao"
2,community,Images/community/jansom-bay-flickr-noosles33-01.jpg,community-photo,Jansom Bay,jansom-bay,Jansom Bay,exact_name,Jansom Bay,,CC BY 2.0,https://www.flickr.com/photos/25874268@N00/5339248944,ok_crag_only,0,0,9,,,,,"Jansom Bay, Koh Tao"
2,community,Images/community/jansom-bay-flickr-noosles33-02.jpg,community-photo,Jansom Bay,jansom-bay,Jansom Bay,exact_name,Jansom Bay,,CC BY 2.0,https://www.flickr.com/photos/25874268@N00/5339248538,ok_crag_only,0,0,9,,,,,"Jansom Bay, Koh Tao"
2,community,Images/community/jansom-bay-mp-larin-01.jpg,community-photo,Jansom Bay,jansom-bay,Jansom Bay,exact_name,Jansom Bay,,"user-contributed, all rights reserved — shown with attribution and source link",https://www.mountainproject.com/photo/117696131/too-sweaty-for-the-nubbin,ok_crag_only,0,0,9,,,,,Too Sweaty for the nubbin. (Mountain Project Jansom Bay area photo by Michael Larin)
2,community,Images/community/jansom-bay-mp-larin-02.jpg,community-photo,Jansom Bay,jansom-bay,Jansom Bay,exact_name,Jansom Bay,,"user-contributed, all rights reserved — shown with attribution and source link",https://www.mountainproject.com/photo/117696125/top-of-the-slab,ok_crag_only,0,0,9,,,,,top of the slab (Mountain Project Jansom Bay area photo by Michael Larin)
2,community,Images/community/jansom-bay-mp-ways-01.png,community-photo,Jansom Bay,jansom-bay,Jansom Bay,exact_name,Jansom Bay,,"user-contributed, all rights reserved — shown with attribution and source link",https://www.mountainproject.com/photo/113979787/entire-area,ok_crag_only,0,0,9,,,,,Entire area! (Mountain Project Jansom Bay area photo by Brian Ways)
2,community,Images/community/jansom-bay-mp-ways-02.jpg,community-photo,Jansom Bay,jansom-bay,Jansom Bay,exact_name,Jansom Bay,,"user-contributed, all rights reserved — shown with attribution and source link",https://www.mountainproject.com/photo/117360365/new-routes-not-fully-finished-yet,ok_crag_only,0,0,9,,,,,New Routes (Not fully finished yet) (Mountain Project Jansom Bay area photo by Brian Ways)
2,community,Images/community/koh-nang-yuan-commons-justraveling-01.jpg,community-photo,Koh Nang Yuan (scenic),koh-nang-yuan,Koh Nang Yuan,prefix_name,Koh Nang Yuan,,CC BY-SA 4.0,https://commons.wikimedia.org/wiki/File:Koh_Nang_Yuan.jpg,ok_crag_only,0,0,0,,,,,Koh Nang Yuan sandbar isthmus
2,community,Images/community/koh-nang-yuan-commons-viewpoint-01.jpg,community-photo,Koh Nang Yuan (scenic),koh-nang-yuan,Koh Nang Yuan,prefix_name,Koh Nang Yuan,,CC BY-SA 4.0,https://commons.wikimedia.org/wiki/File:Ko_Nang_Yuan_from_Viewpoint.jpg,ok_crag_only,0,0,0,,,,,Ko Nang Yuan from the viewpoint
2,community,Images/community/koh-nang-yuan-flickr-mtkopone-01.jpg,community-photo,Koh Nang Yuan (scenic),koh-nang-yuan,Koh Nang Yuan,prefix_name,Koh Nang Yuan,,CC BY 2.0,https://www.flickr.com/photos/7567977@N05/441744678,ok_crag_only,0,0,0,,,,,Koh Nang Yuan
2,community,Images/community/koh-nang-yuan-flickr-olivera-01.jpg,community-photo,Koh Nang Yuan (scenic),koh-nang-yuan,Koh Nang Yuan,prefix_name,Koh Nang Yuan,,CC BY 2.0,https://www.flickr.com/photos/124137421@N04/37500919811,ok_crag_only,0,0,0,,,,,"Isla Koh Nang Yuan, Tailandia"
2,community,Images/community/koh-nang-yuan-flickr-olivera-02.jpg,community-photo,Koh Nang Yuan (scenic),koh-nang-yuan,Koh Nang Yuan,prefix_name,Koh Nang Yuan,,CC BY 2.0,https://www.flickr.com/photos/124137421@N04/35327700074,ok_crag_only,0,0,0,,,,,"Koh Nang Yuan vista desde Koh Tao, Tailandia"
2,community,Images/community/lang-khai-commons-01.jpg,community-photo,Lang Khai,lang-khai,Lang Khai,exact_name,Lang Khai,,CC BY-SA 3.0,https://commons.wikimedia.org/wiki/File:KohTao_AoLangKhaay_PhanunViewBungalows01.jpg,ok_linked_via_caption,1,1,58,,Tao→Tao[exact],,,"Ao Lang Khaay (Lang Khai bay), Koh Tao - view from Phanun View Bungalows"
2,community,Images/community/lang-khai-mp-laurenli-01.jpg,community-photo,Lang Khai,lang-khai,Lang Khai,exact_name,Lang Khai,,"user-contributed, all rights reserved — shown with attribution and source link",https://www.mountainproject.com/photo/116220000/the-approach-to-lang-kai-back-in-2014-traverse-around-these-rocks-until-you-get-,ok_crag_only,0,0,58,,,,,The approach to Lang Kai back in 2014. Traverse around these rocks until you get to the base of the climbs. Rope was pretty taut back then and I was quite stretched out at 5'4. Shoes would be nice for spikey barnacles. (Mountain Project Lan
2,community,Images/community/lang-khai-mp-rockjunkie-01.jpg,community-photo,Lang Khai,lang-khai,Lang Khai,exact_name,Lang Khai,,"user-contributed, all rights reserved — shown with attribution and source link",https://www.mountainproject.com/photo/110064615/climbers-cove-founded-by-rock-junkie-koh-tao-small-team-of-devoted-climbers-here,ok_linked_via_caption,1,1,58,,Tao→Tao[exact],,,"Climbers cove , founded by Rock Junkie koh tao . Small team of devoted climbers here setting new routes and areas weekly follow us on fb ,  <br> www.facebook.com/rockjunkiekohtao (Mountain Project Lang Khai area photo by Rock Junkie climbin"
2,community,Images/community/machetey-mountain-mp-rockjunkie-01.jpg,community-photo,Machetey Mountain,machetey-mountain,Machetey Mountain,exact_name,Machetey Mountain,,"user-contributed, all rights reserved — shown with attribution and source link",https://www.mountainproject.com/photo/110064620/beautiful-views-from-the-top-of-machetey-mountain,ok_crag_only,0,0,13,,,,,Beautiful views from the top of Machetey Mountain . (Mountain Project Machetey Mountain area photo by Rock Junkie climbing Koh Tao)
2,community,Images/community/meks-mountain-mp-ways-01.jpg,community-photo,Mek's Mountain,meks-mountain,Mek's Mountain,exact_name,Mek's Mountain,,"user-contributed, all rights reserved — shown with attribution and source link",https://www.mountainproject.com/photo/111697259/son-of-a-bitch,ok_crag_only,0,0,49,,,,,SON OF A BITCH (Mountain Project Mek's Mountain area photo by Brian Ways)
2,community,Images/community/report-jansom-bay-kelsey-gray-01.jpg,community-photo,Jansom Bay,jansom-bay,Jansom Bay,exact_name,Jansom Bay,,"user-contributed, all rights reserved — shown with attribution and source link",https://rakkup.com/koh-tao-thailand-rock-climbing-by-kelsey-gray/,ok_crag_only,0,0,9,,,,,Jansom Bay climbing area. Photo by Kelsey Gray.
2,community,Images/community/sairee-beach-commons-davidsim-01.jpg,community-photo,Sairee Beach Boulders,sairee-beach-boulders,Sairee Beach Boulders,exact_name,Sairee Beach Boulders,,CC BY 2.0,"https://commons.wikimedia.org/wiki/File:The_south_end_of_Sairee_beach,_Koh_Tao,_Thailand.jpg",ok_crag_only,0,0,40,,,,,"The south end of Sairee beach, Koh Tao, Thailand"
2,community,Images/community/sairee-beach-commons-mmarkin-01.jpg,community-photo,Sairee Beach Boulders,sairee-beach-boulders,Sairee Beach Boulders,exact_name,Sairee Beach Boulders,,CC BY-SA 4.0,https://commons.wikimedia.org/wiki/File:%D0%9F%D0%BB%D1%8F%D0%B6_Sairee.jpg,ok_crag_only,0,0,40,,,,,"Sairee beach, Koh Tao"
2,community,Images/community/sairee-beach-flickr-danielpeherstorfer-01.jpg,community-photo,Sairee Beach Boulders,sairee-beach-boulders,Sairee Beach Boulders,exact_name,Sairee Beach Boulders,,CC BY 2.0,https://www.flickr.com/photos/90110835@N02/8193108206,ok_crag_only,0,0,40,,,,,"Sairee Beach, Koh Tao"
2,community,Images/community/sairee-beach-flickr-dms303-01.jpg,community-photo,Sairee Beach Boulders,sairee-beach-boulders,Sairee Beach Boulders,exact_name,Sairee Beach Boulders,,CC BY-SA 2.0,https://www.flickr.com/photos/33241056@N00/3995274673,ok_crag_only,0,0,40,,,,,"Sairee Beach, Koh Tao, Thailand"
2,community,Images/community/sairee-beach-flickr-katsommers-01.jpg,community-photo,Sairee Beach Boulders,sairee-beach-boulders,Sairee Beach Boulders,exact_name,Sairee Beach Boulders,,CC BY-SA 2.0,https://www.flickr.com/photos/18651845@N00/5864813356,ok_crag_only,0,0,40,,,,,"Sairee beach, Koh Tao"
2,community,Images/community/sairee-beach-flickr-mrfun-01.jpg,community-photo,Sairee Beach Boulders,sairee-beach-boulders,Sairee Beach Boulders,exact_name,Sairee Beach Boulders,,CC BY 2.0,https://www.flickr.com/photos/44689822@N00/8335450937,ok_crag_only,0,0,40,,,,,"Sairee beach, Koh Tao"
2,community,Images/community/sairee-elephant-mp-ways-01.jpg,community-photo,Sairee Beach Boulders (The Elephant),sairee-beach-boulders,Sairee Beach Boulders,prefix_name,Sairee Beach Boulders,,"user-contributed, all rights reserved — shown with attribution and source link",https://www.mountainproject.com/photo/111737315/cross-eyed,ok_linked_via_caption,1,1,40,,Cross Eyed→Cross Eyed[exact],,,Cross Eyed (Mountain Project Sairee Beach Boulders (Elephant) area photo by Brian Ways)
2,community,Images/community/secret-garden-mp-ways-01.png,community-photo,Secret Garden Boulders,secret-garden-boulders,Secret Garden Boulders,exact_name,Secret Garden Boulders,,"user-contributed, all rights reserved — shown with attribution and source link",https://www.mountainproject.com/photo/113972588/topo,ok_crag_only,0,0,83,,,,,topo (Mountain Project Secret Garden Boulders area photo by Brian Ways)
2,community,Images/community/shark-island-flickr-olivera-01.jpg,community-photo,Shark Island,shark-island,Shark Island,exact_name,Shark Island,,CC BY 2.0,https://www.flickr.com/photos/124137421@N04/25062359388,ok_crag_only,0,0,5,,,,,"Shark Island vista desde la bahía de Ao Hin Ngam, Koh Tao, Tailandia"
2,community,Images/community/shark-island-mp-ways-01.png,community-photo,Shark Island,shark-island,Shark Island,exact_name,Shark Island,,"user-contributed, all rights reserved — shown with attribution and source link",https://www.mountainproject.com/photo/113972573/topo,ok_crag_only,0,0,5,,,,,topo (Mountain Project Shark Island area photo by Brian Ways)
2,community,Images/community/tanote-bay-commons-achilli-01.jpg,community-photo,Tanote Bay,tanote-bay,Tanote Bay,exact_name,Tanote Bay,,CC BY 2.0,"https://commons.wikimedia.org/wiki/File:Tanote_Bay,_Koh_Tao_(48114018028).jpg",ok_crag_only,0,0,45,,,,,"Tanote Bay, Koh Tao (view over the bay and its granite headlands)"
2,community,Images/community/tanote-bay-commons-nebuloni-01.jpg,community-photo,Tanote Bay,tanote-bay,Tanote Bay,exact_name,Tanote Bay,,CC BY 2.0,https://commons.wikimedia.org/wiki/File:Thailand_2015_(20655075838).jpg,ok_crag_only,0,0,45,,,,,"Tanote Bay, Koh Tao (Thailand 2015 series)"
2,community,Images/community/tanote-bay-commons-nebuloni-02.jpg,community-photo,Tanote Bay,tanote-bay,Tanote Bay,exact_name,Tanote Bay,,CC BY 2.0,https://commons.wikimedia.org/wiki/File:Thailand_2015_(20655077448).jpg,ok_crag_only,0,0,45,,,,,"Tanote Bay, Koh Tao (Thailand 2015 series)"
2,community,Images/community/tanote-bay-commons-nebuloni-03.jpg,community-photo,Tanote Bay,tanote-bay,Tanote Bay,exact_name,Tanote Bay,,CC BY 2.0,https://commons.wikimedia.org/wiki/File:Thailand_2015_(20833505242).jpg,ok_crag_only,0,0,45,,,,,"Tanote Bay, Koh Tao (Thailand 2015 series)"
2,community,Images/community/tanote-bay-flickr-benbeiske-01.jpg,community-photo,Tanote Bay,tanote-bay,Tanote Bay,exact_name,Tanote Bay,,CC BY-NC-SA 2.0,https://www.flickr.com/photos/25762759@N05/3216181667,ok_crag_only,0,0,45,,,,,Ko Tao 02 - Tanote Bay
2,community,Images/community/tanote-bay-flickr-katsommers-01.jpg,community-photo,Tanote Bay,tanote-bay,Tanote Bay,exact_name,Tanote Bay,,CC BY-SA 2.0,https://www.flickr.com/photos/18651845@N00/5864826944,ok_crag_only,0,0,45,,,,,"Tanote Bay, Koh Tao"
2,community,Images/community/tanote-bay-flickr-katsommers-02.jpg,community-photo,Tanote Bay,tanote-bay,Tanote Bay,exact_name,Tanote Bay,,CC BY-SA 2.0,https://www.flickr.com/photos/18651845@N00/5864270435,ok_crag_only,0,0,45,,,,,"'Bar', Tanote Bay, Koh Tao"
2,community,Images/community/tanote-bay-flickr-travelourplanet-01.jpg,community-photo,Tanote Bay,tanote-bay,Tanote Bay,exact_name,Tanote Bay,,CC BY 2.0,https://www.flickr.com/photos/63503049@N03/48114020118,ok_crag_only,0,0,45,,,,,"Tanote Bay, Koh Tao"
2,community,Images/community/tanote-bay-flickr-travelourplanet-02.jpg,community-photo,Tanote Bay,tanote-bay,Tanote Bay,exact_name,Tanote Bay,,CC BY 2.0,https://www.flickr.com/photos/63503049@N03/48114087157,ok_crag_only,0,0,45,,,,,"Tanote Bay, Koh Tao"
2,community,Images/community/tanote-bay-mp-wild-01.jpg,community-photo,Tanote Bay,tanote-bay,Tanote Bay,exact_name,Tanote Bay,,"user-contributed, all rights reserved — shown with attribution and source link",https://www.mountainproject.com/photo/123981519/the-sport-route-dont-waste-my-paste,ok_linked_via_caption,1,1,45,,Don't Waste My Paste→Don't Waste My Paste[exact],,,"The sport route, ""Don't Waste My Paste."" (Mountain Project Tanote Bay area photo by Alex Wild)"
2,community,Images/community/temple-rock-mp-willm-01.jpg,community-photo,Temple Rock,temple-rock,Temple Rock,exact_name,Temple Rock,,"user-contributed, all rights reserved — shown with attribution and source link",https://www.mountainproject.com/photo/118064406/grant-perdue-firing-the-8th-pitch-photo-will-mckay,ok_crag_only,0,0,0,,,,,Grant Perdue firing the 8th pitch. Photo: Will McKay (Mountain Project Temple Rock area photo by Will M)
2,guide,Images/guide/p16-0-X46.jpg,crag-photo,Jansom Bay,jansom-bay,Jansom Bay,exact_name,Jansom Bay,16,,,ok_crag_only,0,0,9,,,,,Cluster of large stacked granite boulders; a small climber in blue/red is faintly visible at the upper left. No route lines or labels.
2,guide,Images/guide/p16-2-X48.jpg,crag-photo,Jansom Bay,jansom-bay,Jansom Bay,exact_name,Jansom Bay,16,,,ok_crag_only,0,0,9,,,,,Unannotated photo of stacked granite boulders with a fixed rope hanging down the face; no route names or labels legible.
2,guide,Images/guide/p21-0-X59.jpg,action-photo,Lang Khai,lang-khai,Lang Khai,exact_name,Lang Khai,21,,,ok_crag_only,0,0,58,,,,,Photo of a narrow coastal granite canyon/gorge with water at the bottom; several climbers visible on ropes on the walls and one climber on a ledge at right. No text or route labels.
2,guide,Images/guide/p21-1-X60.jpg,action-photo,Lang Khai,lang-khai,Lang Khai,exact_name,Lang Khai,21,,,ok_crag_only,0,0,58,,,,,Photo looking down a narrow granite chimney/canyon with several climbers on ropes in the cleft and one person seated on a ledge at right. No text or route labels.
2,guide,Images/guide/p22-0-X62.jpg,map,Sairee Beach Boulders,sairee-beach-boulders,Sairee Beach Boulders,exact_name,Sairee Beach Boulders,22,,,ok_crag_only,0,0,40,,,,,"Hand-drawn bouldering map titled 'North Sairee'. Labels: 'Koh Tao Cabana restaurant and bungalows', 'Stone wall', 'Low tide line', 'High tide line', compass rose. Numbered problems 2-10 marked in green on sketched boulders along the beach."
2,guide,Images/guide/p24-0-X65.jpg,map,Backyard & Frontyard,backyard-frontyard,Backyard & Frontyard,exact_name,Backyard & Frontyard,24,,,ok_linked_via_caption,1,1,166,,Tao→Tao[exact],,,"Hand-drawn bouldering map titled 'The Backyard'. Labels: 'The Frontyard', 'Black Rock', 'Thick Jungle', 'Park Here', 'Earth House', 'Bldg', 'Save Koh Tao Office', 'Koh Tao Info', road directions to 'Mae Haad', 'Chalok Baan Kao' and 'Tantoe "
2,guide,Images/guide/p25-1-X68.jpg,crag-photo,Backyard & Frontyard,backyard-frontyard,Backyard & Frontyard,exact_name,Backyard & Frontyard,25,,,ok_crag_only,0,0,166,,,,,"Unannotated photo of a large granite boulder with a prominent crack/seam splitting its face, in scrubby jungle surroundings. No route names or labels legible."
2,guide,Images/guide/p25-2-X69.jpg,crag-photo,Backyard & Frontyard,backyard-frontyard,Backyard & Frontyard,exact_name,Backyard & Frontyard,25,,,ok_crag_only,0,0,166,,,,,"Unannotated photo of a broad granite boulder face with visible chalk/tick marks on holds, palm trees behind. No route names or labels legible."
2,guide,Images/guide/p25-3-X70.jpg,crag-photo,Backyard & Frontyard,backyard-frontyard,Backyard & Frontyard,exact_name,Backyard & Frontyard,25,,,ok_crag_only,0,0,166,,,,,"Unannotated photo of a tall rounded granite boulder under an overhanging block, palm tree in background. No route names or labels legible."
2,guide,Images/guide/p25-4-X71.jpg,crag-photo,Backyard & Frontyard,backyard-frontyard,Backyard & Frontyard,exact_name,Backyard & Frontyard,25,,,ok_crag_only,0,0,166,,,,,Wide scenic photo of a boulder field with many granite boulders scattered through grass under coconut palms; jungle hillside behind. No route names or labels legible.
2,guide,Images/guide/p31-4-X96.jpg,crag-photo,Secret Garden Boulders,secret-garden-boulders,Secret Garden Boulders,exact_name,Secret Garden Boulders,31,,,ok_crag_only,0,0,83,,,,,"Large steep boulder with featured, sloping face and visible chalk marks, set in jungle vegetation; sandy base and smaller rock in foreground. No route lines, numbers, or legible text."
2,guide,Images/guide/p31-5-X97.jpg,crag-photo,Secret Garden Boulders,secret-garden-boulders,Secret Garden Boulders,exact_name,Secret Garden Boulders,31,,,ok_crag_only,0,0,83,,,,,"Tall, smooth dark boulder face with faint chalk marks, trees behind. No route lines, numbers, or legible text. Small, low-resolution image."
2,guide,Images/guide/p32-0-X99.jpg,crag-photo,Secret Garden Boulders,secret-garden-boulders,Secret Garden Boulders,exact_name,Secret Garden Boulders,32,,,ok_crag_only,0,0,83,,,,,"Overhanging rounded boulder roof with featured undersides, vegetation at base. No route lines, numbers, or legible text. Small, low-resolution image."
2,guide,Images/guide/p32-1-X100.jpg,crag-photo,Secret Garden Boulders,secret-garden-boulders,Secret Garden Boulders,exact_name,Secret Garden Boulders,32,,,ok_crag_only,0,0,83,,,,,"Large stacked/blocky granite boulder with horizontal breaks, palm trees and grass around. No route lines, numbers, or legible text."
2,guide,Images/guide/p32-2-X101.jpg,crag-photo,Secret Garden Boulders,secret-garden-boulders,Secret Garden Boulders,exact_name,Secret Garden Boulders,32,,,ok_crag_only,0,0,83,,,,,"Long, low rounded boulder with horizontal seams and light chalk marks, dirt path alongside, trees behind. No route lines, numbers, or legible text."
2,guide,Images/guide/p32-3-X102.jpg,crag-photo,Secret Garden Boulders,secret-garden-boulders,Secret Garden Boulders,exact_name,Secret Garden Boulders,32,,,ok_crag_only,0,0,83,,,,,"Rounded boulder in shaded jungle setting with a tree growing beside it; featured face with chalk marks. No route lines, numbers, or legible text. Small image."
2,guide,Images/guide/p32-4-X103.jpg,crag-photo,Secret Garden Boulders,secret-garden-boulders,Secret Garden Boulders,exact_name,Secret Garden Boulders,32,,,ok_crag_only,0,0,83,,,,,"Tall dark steep boulder face with scattered chalk marks, surrounded by dense green foliage. No route lines, numbers, or legible text."
2,guide,Images/guide/p32-5-X104.jpg,crag-photo,Secret Garden Boulders,secret-garden-boulders,Secret Garden Boulders,exact_name,Secret Garden Boulders,32,,,ok_crag_only,0,0,83,,,,,"Blocky boulder with a dark featured right face (chalk marks visible) and lighter stacked left side; palm trees behind. No route lines, numbers, or legible text."
2,guide,Images/guide/p33-0-X106.jpg,crag-photo,Secret Garden Boulders,secret-garden-boulders,Secret Garden Boulders,exact_name,Secret Garden Boulders,33,,,ok_crag_only,0,0,83,,,,,"Pair of large boulders in a clearing; left block has a prominent diagonal crack/feature with chalk marks, rope or cord hanging down the right face; palms and jungle behind. No route lines, numbers, or legible text."
2,guide,Images/guide/p33-1-X107.jpg,crag-photo,Secret Garden Boulders,secret-garden-boulders,Secret Garden Boulders,exact_name,Secret Garden Boulders,33,,,ok_crag_only,0,0,83,,,,,"Tall steep boulder with overhanging featured face, palm trees and blue sky behind, smaller rocks at base. No route lines, numbers, or legible text. Small image."
0,guide,Images/guide/p08-1-X20.jpg,other-unusable,Mek's Mountain,meks-mountain,Mek's Mountain,exact_name,Mek's Mountain,8,,,ok_crag_only,0,0,49,,,,,Tiny 84x84 circular logo/icon (same decorative bullet as p05-0-X12). No legible text.
0,guide,Images/guide/p09-1-X22.jpg,other-unusable,Mek's Mountain,meks-mountain,Mek's Mountain,exact_name,Mek's Mountain,9,,,ok_crag_only,0,0,49,,,,,Tiny 84x84 circular logo/icon (same decorative bullet as p05-0-X12). No legible text.
0,guide,Images/guide/p10-1-X25.jpg,other-unusable,Mek's Mountain,meks-mountain,Mek's Mountain,exact_name,Mek's Mountain,10,,,ok_crag_only,0,0,49,,,,,"Tiny circular guidebook logo (olive/brown footprint-like graphic in a ring). No legible text. Decorative graphic, not climbing content."
0,guide,Images/guide/p11-0-X27.jpg,other-unusable,Mek's Mountain,meks-mountain,Mek's Mountain,exact_name,Mek's Mountain,11,,,ok_crag_only,0,0,49,,,,,"Tiny circular guidebook logo, identical to p10-1-X25.jpg (same byte size). No legible text. Decorative graphic."
0,guide,Images/guide/p11-2-X29.jpg,crag-photo-unusable,Mek's Mountain,meks-mountain,Mek's Mountain,exact_name,Mek's Mountain,11,,,caption_says_unverified,0,0,49,,,,,"Very small (83x110) close-up photo of a rock edge/crack. No text, no climber. Thumbnail-like crop; crag unverified."
0,guide,Images/guide/p11-3-X30.jpg,crag-photo-unusable,Mek's Mountain,meks-mountain,Mek's Mountain,exact_name,Mek's Mountain,11,,,caption_says_unverified,0,0,49,,,,,"Very small (83x110) close-up photo of textured rock face. No text, no climber. Thumbnail-like crop; crag unverified."
0,guide,Images/guide/p11-4-X31.jpg,crag-photo-unusable,Mek's Mountain,meks-mountain,Mek's Mountain,exact_name,Mek's Mountain,11,,,caption_says_unverified,0,0,49,,,,,"Very small (83x111) close-up photo of layered rock with a little greenery at the base. No text, no climber. Thumbnail-like crop; crag unverified."
0,guide,Images/guide/p11-5-X32.jpg,crag-photo-unusable,Mek's Mountain,meks-mountain,Mek's Mountain,exact_name,Mek's Mountain,11,,,caption_says_unverified,0,0,49,,,,,"Very small (83x110) close-up photo of a rock face with grass at the left edge. No text, no climber. Thumbnail-like crop; crag unverified."
0,guide,Images/guide/p12-3-X36.jpg,crag-photo-unusable,Mek's Mountain,meks-mountain,Mek's Mountain,exact_name,Mek's Mountain,12,,,ok_crag_only,0,0,49,,,,,"Low-angle shot of a granite slab/wall with a small bush at the top. No route lines, labels, or climbers visible."
0,guide,Images/guide/p12-4-X37.jpg,other-unusable,Mek's Mountain,meks-mountain,Mek's Mountain,exact_name,Mek's Mountain,12,,,ok_crag_only,0,0,49,,,,,"Tiny 84x84 decorative circular icon (green with orange flame-like shapes on black background); appears to be a repeated guidebook graphic/logo, not a photo."
0,guide,Images/guide/p13-0-X38.jpg,crag-photo-unusable,Mek's Mountain,meks-mountain,Mek's Mountain,exact_name,Mek's Mountain,13,,,ok_crag_only,0,0,49,,,,,"Dark, shadowed boulder/steep wall face with a rope hanging down and foliage at left. No route markings or labels."
0,guide,Images/guide/p13-1-X39.jpg,other-unusable,Mek's Mountain,meks-mountain,Mek's Mountain,exact_name,Mek's Mountain,13,,,ok_crag_only,0,0,49,,,,,Tiny 84x84 decorative circular icon (identical to p12-4-X37.jpg); repeated guidebook graphic/logo.
0,guide,Images/guide/p13-2-X40.jpg,scenic-unusable,Mek's Mountain,meks-mountain,Mek's Mountain,exact_name,Mek's Mountain,13,,,ok_crag_only,0,0,49,,,,,Jungle vegetation and branches with a blue rope visible at the right edge; likely an approach or base-of-crag shot. No routes or labels.
0,guide,Images/guide/p14-1-X42.jpg,other-unusable,Mek's Mountain,meks-mountain,Mek's Mountain,exact_name,Mek's Mountain,14,,,ok_crag_only,0,0,49,,,,,Tiny 84x84 decorative circular icon (identical to p12-4-X37.jpg); repeated guidebook graphic/logo.
0,guide,Images/guide/p15-2-X45.jpg,other-unusable,Mek's Mountain,meks-mountain,Mek's Mountain,exact_name,Mek's Mountain,15,,,ok_crag_only,0,0,49,,,,,Tiny 84x84 decorative circular icon (identical to p12-4-X37.jpg); repeated guidebook graphic/logo.
0,guide,Images/guide/p16-1-X47.jpg,other-unusable,Jansom Bay,jansom-bay,Jansom Bay,exact_name,Jansom Bay,16,,,ok_crag_only,0,0,9,,,,,Tiny 84x84 decorative circular icon (identical to p12-4-X37.jpg); repeated guidebook graphic/logo.
0,guide,Images/guide/p17-0-X49.jpg,other-unusable,Laem Thian (Mao Rock),laem-thian,Laem Thian,prefix_name,Laem Thian,17,,,ok_crag_only,0,0,2,,,,,Small circular logo/emblem (green blob shape with crown-like top inside a ring); appears repeatedly throughout the guidebook as a section divider.
0,guide,Images/guide/p18-2-X54.jpg,other-unusable,Sairee Beach Boulders,sairee-beach-boulders,Sairee Beach Boulders,exact_name,Sairee Beach Boulders,18,,,ok_crag_only,0,0,40,,,,,Same small circular logo/emblem as p17-0-X49.jpg (section divider graphic).
0,guide,Images/guide/p19-1-X56.jpg,other-unusable,Shark Island,shark-island,Shark Island,exact_name,Shark Island,19,,,ok_crag_only,0,0,5,,,,,Same small circular logo/emblem as p17-0-X49.jpg (section divider graphic).
0,guide,Images/guide/p20-1-X58.jpg,other-unusable,Tanote Bay,tanote-bay,Tanote Bay,exact_name,Tanote Bay,20,,,ok_crag_only,0,0,45,,,,,Same small circular logo/emblem as p17-0-X49.jpg (section divider graphic).
0,guide,Images/guide/p21-2-X61.jpg,other-unusable,Lang Khai,lang-khai,Lang Khai,exact_name,Lang Khai,21,,,ok_crag_only,0,0,58,,,,,Small circular logo/emblem (green blob shape with crown-like top inside a ring); section divider graphic used repeatedly in the guidebook.
0,guide,Images/guide/p22-1-X63.jpg,other-unusable,Sairee Beach Boulders,sairee-beach-boulders,Sairee Beach Boulders,exact_name,Sairee Beach Boulders,22,,,ok_crag_only,0,0,40,,,,,Same small circular logo/emblem as p21-2-X61.jpg (section divider graphic).
0,guide,Images/guide/p23-0-X64.jpg,other-unusable,Backyard & Frontyard,backyard-frontyard,Backyard & Frontyard,exact_name,Backyard & Frontyard,23,,,ok_crag_only,0,0,166,,,,,Same small circular logo/emblem as p21-2-X61.jpg (section divider graphic).
0,guide,Images/guide/p24-1-X66.jpg,other-unusable,Backyard & Frontyard,backyard-frontyard,Backyard & Frontyard,exact_name,Backyard & Frontyard,24,,,ok_crag_only,0,0,166,,,,,Same small circular logo/emblem as p21-2-X61.jpg (section divider graphic).
0,guide,Images/guide/p25-0-X67.jpg,other-unusable,Backyard & Frontyard,backyard-frontyard,Backyard & Frontyard,exact_name,Backyard & Frontyard,25,,,ok_crag_only,0,0,166,,,,,Same small circular logo/emblem as p21-2-X61.jpg (section divider graphic).
0,guide,Images/guide/p26-0-X72.jpg,other-unusable,Backyard & Frontyard,backyard-frontyard,Backyard & Frontyard,exact_name,Backyard & Frontyard,26,,,ok_linked_via_caption,1,1,166,,Deco→Deco[exact],,,Tiny 84x84 circular icon: green boulder-like blob with yellow/brown flame shapes inside a ring; no text. Likely a decorative section marker icon from the guidebook.
0,guide,Images/guide/p27-1-X74.jpg,other-unusable,Backyard & Frontyard,backyard-frontyard,Backyard & Frontyard,exact_name,Backyard & Frontyard,27,,,ok_linked_via_caption,1,1,166,,Deco→Deco[exact],,,Identical 84x84 decorative icon to p26-0-X72.jpg (green boulder blob in a ring); no text.
0,guide,Images/guide/p28-6-X81.jpg,other-unusable,Backyard & Frontyard,backyard-frontyard,Backyard & Frontyard,exact_name,Backyard & Frontyard,28,,,ok_linked_via_caption,1,1,166,,Deco→Deco[exact],,,Identical 84x84 decorative icon to p26-0-X72.jpg (green boulder blob in a ring); no text.
0,guide,Images/guide/p29-1-X83.jpg,other-unusable,Secret Garden Boulders,secret-garden-boulders,Secret Garden Boulders,exact_name,Secret Garden Boulders,29,,,ok_crag_only,0,0,83,,,,,Identical 84x84 decorative icon to p26-0-X72.jpg (green boulder blob in a ring); no text.
0,guide,Images/guide/p30-5-X91.jpg,other-unusable,Secret Garden Boulders,secret-garden-boulders,Secret Garden Boulders,exact_name,Secret Garden Boulders,30,,,ok_crag_only,0,0,83,,,,,"Small 84x84 px circular logo of a green stylized hand (the Goodtime Adventures hand logo, same as p02-1-X6); no legible text."
0,guide,Images/guide/p31-6-X98.jpg,other-unusable,Secret Garden Boulders,secret-garden-boulders,Secret Garden Boulders,exact_name,Secret Garden Boulders,31,,,ok_crag_only,0,0,83,,,,,"Small 84x84 graphic: dark circular logo with green blob/leaf-like shape inside. Appears to be a brand or guidebook logo icon, not a climbing photo."
0,guide,Images/guide/p32-6-X105.jpg,other-unusable,Secret Garden Boulders,secret-garden-boulders,Secret Garden Boulders,exact_name,Secret Garden Boulders,32,,,ok_crag_only,0,0,83,,,,,"Small 84x84 graphic: dark circular logo with green blob/leaf-like shape inside. Identical to p31-6-X98.jpg; brand/guidebook logo icon, not a climbing photo."
0,guide,Images/guide/p33-3-X109.jpg,crag-photo-unusable,Secret Garden Boulders,secret-garden-boulders,Secret Garden Boulders,exact_name,Secret Garden Boulders,33,,,caption_says_unverified,0,0,83,,,,,"Shaded, steep boulder face with vegetation and palm trunks. No legible route names/grades/numbers. Crag inferred from page context — unverified."
0,guide,Images/guide/p34-1-X113.jpg,other-unusable,Secret Garden Boulders,secret-garden-boulders,Secret Garden Boulders,exact_name,Secret Garden Boulders,34,,,ok_crag_only,0,0,83,,,,,"Tiny circular graphic (approx 84x84 px): green apple-like icon inside a black ring. Appears to be a decorative logo/icon, not climbing content."
0,guide,Images/guide/p35-6-X120.jpg,other-unusable,Secret Garden Boulders,secret-garden-boulders,Secret Garden Boulders,exact_name,Secret Garden Boulders,35,,,ok_crag_only,0,0,83,,,,,Tiny 84x84 decorative bullet icon: green blob with yellow/black fins in a circle. Repeated decorative element; no text or route info.
0,guide,Images/guide/p36-1-X122.jpg,other-unusable,Babaloo Boulders,babaloo-boulders,Babaloo Boulders,exact_name,Babaloo Boulders,36,,,ok_crag_only,0,0,58,,,,,Tiny 84x84 decorative bullet icon (same green-blob icon as p35-6-X120). No route info.
0,guide,Images/guide/p39-6-X133.jpg,other-unusable,Mango Mount,mango-mount,Mango Mount,exact_name,Mango Mount,39,,,ok_crag_only,0,0,10,,,,,Tiny 84x84 decorative bullet icon (same green-blob icon as p35-6-X120 and p36-1-X122). No route info.
0,guide,Images/guide/p40-8-X142.jpg,other-unusable,Mango Mount,mango-mount,Mango Mount,exact_name,Mango Mount,40,,,ok_crag_only,0,0,10,,,,,Tiny 84x84 decorative bullet icon (same green-blob icon as p39-6-X133). No route info.
0,guide,Images/guide/p41-8-X151.jpg,other-unusable,Mango Mount,mango-mount,Mango Mount,exact_name,Mango Mount,41,,,ok_crag_only,0,0,10,,,,,Small circular logo/icon: stylised green island or hill graphic on white. No climbing content; likely the guidebook's brand mark.
